mean_fit_time,std_fit_time,mean_score_time,std_score_time,param_l2_regularization,param_learning_rate,param_max_bins,param_max_depth,param_max_iter,param_min_samples_leaf,params,split0_test_score,split1_test_score,split2_test_score,split3_test_score,split4_test_score,mean_test_score,std_test_score,rank_test_score
1.4679821968078612,0.20275177725248622,0.0691640853881836,0.01217295671891423,0.0,0.06,255,7,400,10,"{'l2_regularization': 0.0, 'learning_rate': 0.06, 'max_bins': 255, 'max_depth': 7, 'max_iter': 400, 'min_samples_leaf': 10}",0.6665734302991608,0.6507873839059097,0.6924689437230748,0.6642904919081669,0.6423432887906644,0.6632927077253953,0.017077896465353962,1
1.4987823009490966,0.20166162480474742,0.06811103820800782,0.011305886821607847,0.0,0.06,255,7,800,10,"{'l2_regularization': 0.0, 'learning_rate': 0.06, 'max_bins': 255, 'max_depth': 7, 'max_iter': 800, 'min_samples_leaf': 10}",0.6665734302991608,0.6507873839059097,0.6924689437230748,0.6642904919081669,0.6423432887906644,0.6632927077253953,0.017077896465353962,1
1.6041194438934325,0.2279838593642933,0.07126045227050781,0.010937523474708687,0.0,0.06,255,7,200,10,"{'l2_regularization': 0.0, 'learning_rate': 0.06, 'max_bins': 255, 'max_depth': 7, 'max_iter': 200, 'min_samples_leaf': 10}",0.6665734302991608,0.6507873839059097,0.6924689437230748,0.6642904919081669,0.6423432887906644,0.6632927077253953,0.017077896465353962,1
1.4506377696990966,0.20889669357806542,0.0860283374786377,0.012582968324194631,0.0,0.06,255,5,200,50,"{'l2_regularization': 0.0, 'learning_rate': 0.06, 'max_bins': 255, 'max_depth': 5, 'max_iter': 200, 'min_samples_leaf': 50}",0.6718406796325811,0.6429754050936509,0.6938018311449796,0.6561053514218327,0.6477311832647554,0.6624908901115599,0.018478483696080284,4
1.673064947128296,0.24119569899106164,0.09758286476135254,0.016031634590868857,0.0,0.06,255,5,800,50,"{'l2_regularization': 0.0, 'learning_rate': 0.06, 'max_bins': 255, 'max_depth': 5, 'max_iter': 800, 'min_samples_leaf': 50}",0.6718406796325811,0.6429754050936509,0.6938018311449796,0.6561053514218327,0.6477311832647554,0.6624908901115599,0.018478483696080284,4
1.5094297409057618,0.2343774444762965,0.098828125,0.011946293427737306,0.0,0.06,255,5,400,50,"{'l2_regularization': 0.0, 'learning_rate': 0.06, 'max_bins': 255, 'max_depth': 5, 'max_iter': 400, 'min_samples_leaf': 50}",0.6718406796325811,0.6429754050936509,0.6938018311449796,0.6561053514218327,0.6477311832647554,0.6624908901115599,0.018478483696080284,4
2.4909974575042724,0.5302208973521028,0.11156463623046875,0.02559227268196644,0.0,0.03,255,7,400,10,"{'l2_regularization': 0.0, 'learning_rate': 0.03, 'max_bins': 255, 'max_depth': 7, 'max_iter': 400, 'min_samples_leaf': 10}",0.6670977335086714,0.6446868719213967,0.6967911341175609,0.6648999849747289,0.6359648166189305,0.6618881082282577,0.02108237364090826,7
2.637338399887085,0.5258937846213592,0.10999970436096192,0.020676747059772523,0.0,0.03,255,7,800,10,"{'l2_regularization': 0.0, 'learning_rate': 0.03, 'max_bins': 255, 'max_depth': 7, 'max_iter': 800, 'min_samples_leaf': 10}",0.6670977335086714,0.6446868719213967,0.6967911341175609,0.6648999849747289,0.6359648166189305,0.6618881082282577,0.02108237364090826,7
2.4836353778839113,0.528569340798826,0.11092662811279297,0.02106302105814123,0.0,0.03,255,7,200,10,"{'l2_regularization': 0.0, 'learning_rate': 0.03, 'max_bins': 255, 'max_depth': 7, 'max_iter': 200, 'min_samples_leaf': 10}",0.6670977335086714,0.6446868719213967,0.6967911341175609,0.6648999849747289,0.6359648166189305,0.6618881082282577,0.02108237364090826,7
1.0243849754333496,0.24421878367388103,0.06096405982971191,0.014079117782533556,0.1,0.1,255,5,400,50,"{'l2_regularization': 0.1, 'learning_rate': 0.1, 'max_bins': 255, 'max_depth': 5, 'max_iter': 400, 'min_samples_leaf': 50}",0.6607298106938533,0.6456026461630326,0.6931050945380748,0.6596993005976235,0.650137650919213,0.6618549005823595,0.01663680723095794,10
1.0298537254333495,0.25316671798214985,0.06297454833984376,0.014991386577114513,0.1,0.1,255,5,200,50,"{'l2_regularization': 0.1, 'learning_rate': 0.1, 'max_bins': 255, 'max_depth': 5, 'max_iter': 200, 'min_samples_leaf': 50}",0.6607298106938533,0.6456026461630326,0.6931050945380748,0.6596993005976235,0.650137650919213,0.6618549005823595,0.01663680723095794,10
1.0348953247070312,0.253810231746599,0.0631821632385254,0.012146556669049988,0.1,0.1,255,5,800,50,"{'l2_regularization': 0.1, 'learning_rate': 0.1, 'max_bins': 255, 'max_depth': 5, 'max_iter': 800, 'min_samples_leaf': 50}",0.6607298106938533,0.6456026461630326,0.6931050945380748,0.6596993005976235,0.650137650919213,0.6618549005823595,0.01663680723095794,10
1.0300536632537842,0.1498620017921118,0.0568202018737793,0.007474526888895002,0.1,0.1,255,7,200,50,"{'l2_regularization': 0.1, 'learning_rate': 0.1, 'max_bins': 255, 'max_depth': 7, 'max_iter': 200, 'min_samples_leaf': 50}",0.6693789973579045,0.6447535839522445,0.6855415642766834,0.6613860090442523,0.6471859111376126,0.6616492131537395,0.015002084346865693,13
1.0889212131500243,0.16215395761555632,0.06414241790771484,0.009970658169127903,0.1,0.1,255,7,400,50,"{'l2_regularization': 0.1, 'learning_rate': 0.1, 'max_bins': 255, 'max_depth': 7, 'max_iter': 400, 'min_samples_leaf': 50}",0.6693789973579045,0.6447535839522445,0.6855415642766834,0.6613860090442523,0.6471859111376126,0.6616492131537395,0.015002084346865693,13
0.8393774509429932,0.12061232141934708,0.03888645172119141,0.006809184844238479,0.1,0.1,255,7,800,50,"{'l2_regularization': 0.1, 'learning_rate': 0.1, 'max_bins': 255, 'max_depth': 7, 'max_iter': 800, 'min_samples_leaf': 50}",0.6693789973579045,0.6447535839522445,0.6855415642766834,0.6613860090442523,0.6471859111376126,0.6616492131537395,0.015002084346865693,13
2.5187201499938965,0.3527393303106566,0.11037883758544922,0.017807382800651205,0.01,0.03,255,7,200,10,"{'l2_regularization': 0.01, 'learning_rate': 0.03, 'max_bins': 255, 'max_depth': 7, 'max_iter': 200, 'min_samples_leaf': 10}",0.6650017315325447,0.6494962028725041,0.6930263330085986,0.6654319282276527,0.634701602857716,0.6615315596998033,0.019410678046286167,16
2.578436994552612,0.35738403375860905,0.11468238830566406,0.013126101821530067,0.01,0.03,255,7,800,10,"{'l2_regularization': 0.01, 'learning_rate': 0.03, 'max_bins': 255, 'max_depth': 7, 'max_iter': 800, 'min_samples_leaf': 10}",0.6650017315325447,0.6494962028725041,0.6930263330085986,0.6654319282276527,0.634701602857716,0.6615315596998033,0.019410678046286167,16
2.5529911041259767,0.3702017032889511,0.1140779972076416,0.02069258474341899,0.01,0.03,255,7,400,10,"{'l2_regularization': 0.01, 'learning_rate': 0.03, 'max_bins': 255, 'max_depth': 7, 'max_iter': 400, 'min_samples_leaf': 10}",0.6650017315325447,0.6494962028725041,0.6930263330085986,0.6654319282276527,0.634701602857716,0.6615315596998033,0.019410678046286167,16
0.9904362201690674,0.2564542728585857,0.05423626899719238,0.01284605796584451,0.01,0.1,255,7,400,25,"{'l2_regularization': 0.01, 'learning_rate': 0.1, 'max_bins': 255, 'max_depth': 7, 'max_iter': 400, 'min_samples_leaf': 25}",0.6599687839798178,0.6523090246822438,0.6939066445649749,0.65858815717409,0.6404245367610405,0.6610394294324334,0.0178247166310922,19
0.9674268245697022,0.25876350953464106,0.0555178165435791,0.015372571068503146,0.01,0.1,255,7,200,25,"{'l2_regularization': 0.01, 'learning_rate': 0.1, 'max_bins': 255, 'max_depth': 7, 'max_iter': 200, 'min_samples_leaf': 25}",0.6599687839798178,0.6523090246822438,0.6939066445649749,0.65858815717409,0.6404245367610405,0.6610394294324334,0.0178247166310922,19
0.9814167022705078,0.25352184441378595,0.052968740463256836,0.01223270663800996,0.01,0.1,255,7,800,25,"{'l2_regularization': 0.01, 'learning_rate': 0.1, 'max_bins': 255, 'max_depth': 7, 'max_iter': 800, 'min_samples_leaf': 25}",0.6599687839798178,0.6523090246822438,0.6939066445649749,0.65858815717409,0.6404245367610405,0.6610394294324334,0.0178247166310922,19
1.3592070579528808,0.22123033357822078,0.06296062469482422,0.009852897576836585,0.01,0.06,255,7,200,10,"{'l2_regularization': 0.01, 'learning_rate': 0.06, 'max_bins': 255, 'max_depth': 7, 'max_iter': 200, 'min_samples_leaf': 10}",0.6591714314083104,0.6513762691963921,0.6912620747483318,0.6599719366611949,0.6424899064070739,0.6608543236842606,0.01646406630727103,22
1.3832441329956056,0.23508258415586805,0.06311016082763672,0.00917923347025512,0.01,0.06,255,7,400,10,"{'l2_regularization': 0.01, 'learning_rate': 0.06, 'max_bins': 255, 'max_depth': 7, 'max_iter': 400, 'min_samples_leaf': 10}",0.6591714314083104,0.6513762691963921,0.6912620747483318,0.6599719366611949,0.6424899064070739,0.6608543236842606,0.01646406630727103,22
1.3799528121948241,0.22951116429445723,0.06288833618164062,0.008343919655831814,0.01,0.06,255,7,800,10,"{'l2_regularization': 0.01, 'learning_rate': 0.06, 'max_bins': 255, 'max_depth': 7, 'max_iter': 800, 'min_samples_leaf': 10}",0.6591714314083104,0.6513762691963921,0.6912620747483318,0.6599719366611949,0.6424899064070739,0.6608543236842606,0.01646406630727103,22
2.300190258026123,0.8762755620833839,0.12656192779541015,0.05043677774813407,0.0,0.03,255,7,800,50,"{'l2_regularization': 0.0, 'learning_rate': 0.03, 'max_bins': 255, 'max_depth': 7, 'max_iter': 800, 'min_samples_leaf': 50}",0.6625194646053006,0.6465790677054389,0.6947930147005417,0.6547458062514897,0.6450114870661505,0.6607297680657842,0.018147298764667585,25
2.4617458820343017,0.9602566420475677,0.1426140308380127,0.05683387500393008,0.0,0.03,255,7,400,50,"{'l2_regularization': 0.0, 'learning_rate': 0.03, 'max_bins': 255, 'max_depth': 7, 'max_iter': 400, 'min_samples_leaf': 50}",0.6625194646053006,0.6465790677054389,0.6947930147005417,0.6547458062514897,0.6450114870661505,0.6607297680657842,0.018147298764667585,25
2.567778444290161,0.3847498435545727,0.10921635627746581,0.01388795935286037,0.1,0.03,255,7,400,10,"{'l2_regularization': 0.1, 'learning_rate': 0.03, 'max_bins': 255, 'max_depth': 7, 'max_iter': 400, 'min_samples_leaf': 10}",0.6595589072213436,0.6471922119162297,0.6884508940039505,0.6685581550899388,0.6390401514160164,0.6605600639294957,0.017231809430489485,27
2.5205281257629393,0.3801418210028769,0.10803680419921875,0.017173702931586134,0.1,0.03,255,7,800,10,"{'l2_regularization': 0.1, 'learning_rate': 0.03, 'max_bins': 255, 'max_depth': 7, 'max_iter': 800, 'min_samples_leaf': 10}",0.6595589072213436,0.6471922119162297,0.6884508940039505,0.6685581550899388,0.6390401514160164,0.6605600639294957,0.017231809430489485,27
2.518851470947266,0.41311415938672236,0.11778831481933594,0.02292144230870161,0.1,0.03,255,7,200,10,"{'l2_regularization': 0.1, 'learning_rate': 0.03, 'max_bins': 255, 'max_depth': 7, 'max_iter': 200, 'min_samples_leaf': 10}",0.6595589072213436,0.6471922119162297,0.6884508940039505,0.6685581550899388,0.6390401514160164,0.6605600639294957,0.017231809430489485,27
2.1757656574249267,0.6093718780043637,0.12125296592712402,0.03486203990788928,0.0,0.03,255,7,200,50,"{'l2_regularization': 0.0, 'learning_rate': 0.03, 'max_bins': 255, 'max_depth': 7, 'max_iter': 200, 'min_samples_leaf': 50}",0.6625194646053006,0.6465790677054389,0.6925295295149794,0.6547458062514897,0.6450114870661505,0.6602770710286718,0.017300391013840583,30
1.4007299900054933,0.2811933533637082,0.07239265441894531,0.015001177761843253,0.0,0.06,255,7,400,25,"{'l2_regularization': 0.0, 'learning_rate': 0.06, 'max_bins': 255, 'max_depth': 7, 'max_iter': 400, 'min_samples_leaf': 25}",0.6668567719874413,0.6470860791398811,0.6892906130797506,0.6616077530426238,0.6364894895768258,0.6602661413653046,0.01803718105874333,31
1.4862819194793702,0.26822091996419206,0.07315335273742676,0.013490314623724419,0.0,0.06,255,7,200,25,"{'l2_regularization': 0.0, 'learning_rate': 0.06, 'max_bins': 255, 'max_depth': 7, 'max_iter': 200, 'min_samples_leaf': 25}",0.6668567719874413,0.6470860791398811,0.6892906130797506,0.6616077530426238,0.6364894895768258,0.6602661413653046,0.01803718105874333,31
1.4029178619384766,0.2593438046338994,0.06995158195495606,0.014410498796490903,0.0,0.06,255,7,800,25,"{'l2_regularization': 0.0, 'learning_rate': 0.06, 'max_bins': 255, 'max_depth': 7, 'max_iter': 800, 'min_samples_leaf': 25}",0.6668567719874413,0.6470860791398811,0.6892906130797506,0.6616077530426238,0.6364894895768258,0.6602661413653046,0.01803718105874333,31
2.4758997917175294,0.7170768917733151,0.12084808349609374,0.039010811543599755,0.1,0.03,255,7,800,25,"{'l2_regularization': 0.1, 'learning_rate': 0.03, 'max_bins': 255, 'max_depth': 7, 'max_iter': 800, 'min_samples_leaf': 25}",0.6594850446444841,0.6457178760344967,0.6942744003218367,0.6665794231263291,0.6344968228810779,0.660110713401645,0.02035985425268839,34
2.5181871891021728,0.7644200119484549,0.12332029342651367,0.041339309569910686,0.1,0.03,255,7,400,25,"{'l2_regularization': 0.1, 'learning_rate': 0.03, 'max_bins': 255, 'max_depth': 7, 'max_iter': 400, 'min_samples_leaf': 25}",0.6594850446444841,0.6457178760344967,0.6942744003218367,0.6665794231263291,0.6344968228810779,0.660110713401645,0.02035985425268839,34
2.4856234073638914,0.6751212938699049,0.12462015151977539,0.039331679101956,0.1,0.03,255,7,200,25,"{'l2_regularization': 0.1, 'learning_rate': 0.03, 'max_bins': 255, 'max_depth': 7, 'max_iter': 200, 'min_samples_leaf': 25}",0.6594850446444841,0.6457178760344967,0.6936115917583986,0.6665794231263291,0.6344968228810779,0.6599781516889573,0.02013793340741962,36
1.0205396652221679,0.2863297551044374,0.05212407112121582,0.013793367355723219,0.0,0.1,255,7,800,25,"{'l2_regularization': 0.0, 'learning_rate': 0.1, 'max_bins': 255, 'max_depth': 7, 'max_iter': 800, 'min_samples_leaf': 25}",0.659954253636829,0.6453940194483817,0.6944828154459892,0.6595236018010997,0.6402579258333023,0.6599225232331204,0.01893329213890931,37
1.0285281181335448,0.29555995020149123,0.05325164794921875,0.013586008622829408,0.0,0.1,255,7,200,25,"{'l2_regularization': 0.0, 'learning_rate': 0.1, 'max_bins': 255, 'max_depth': 7, 'max_iter': 200, 'min_samples_leaf': 25}",0.659954253636829,0.6453940194483817,0.6944828154459892,0.6595236018010997,0.6402579258333023,0.6599225232331204,0.01893329213890931,37
1.0235166072845459,0.2951056553791452,0.05398316383361816,0.01689447786898204,0.0,0.1,255,7,400,25,"{'l2_regularization': 0.0, 'learning_rate': 0.1, 'max_bins': 255, 'max_depth': 7, 'max_iter': 400, 'min_samples_leaf': 25}",0.659954253636829,0.6453940194483817,0.6944828154459892,0.6595236018010997,0.6402579258333023,0.6599225232331204,0.01893329213890931,37
1.357965612411499,0.414165798398675,0.08068985939025879,0.02169614932366719,0.01,0.06,255,5,800,50,"{'l2_regularization': 0.01, 'learning_rate': 0.06, 'max_bins': 255, 'max_depth': 5, 'max_iter': 800, 'min_samples_leaf': 50}",0.6629081512802497,0.6443799965794976,0.6955055036133417,0.6561513966236803,0.6394781866914879,0.6596846469576515,0.019741033251952124,40
1.389085626602173,0.4036568612787561,0.07890563011169434,0.02423645653573343,0.01,0.06,255,5,200,50,"{'l2_regularization': 0.01, 'learning_rate': 0.06, 'max_bins': 255, 'max_depth': 5, 'max_iter': 200, 'min_samples_leaf': 50}",0.6629081512802497,0.6443799965794976,0.6955055036133417,0.6561513966236803,0.6394781866914879,0.6596846469576515,0.019741033251952124,40
1.3441681385040283,0.41337355740600573,0.0824094295501709,0.0236857171590598,0.01,0.06,255,5,400,50,"{'l2_regularization': 0.01, 'learning_rate': 0.06, 'max_bins': 255, 'max_depth': 5, 'max_iter': 400, 'min_samples_leaf': 50}",0.6629081512802497,0.6443799965794976,0.6955055036133417,0.6561513966236803,0.6394781866914879,0.6596846469576515,0.019741033251952124,40
1.3799392223358153,0.2814831930032358,0.07807745933532714,0.016696735109379426,0.1,0.06,255,7,400,50,"{'l2_regularization': 0.1, 'learning_rate': 0.06, 'max_bins': 255, 'max_depth': 7, 'max_iter': 400, 'min_samples_leaf': 50}",0.665545408532707,0.6414107047337698,0.6814302124380258,0.6600882613816521,0.6498759202981843,0.6596701014768678,0.013693268960558745,43
1.3542798519134522,0.25329355832201694,0.07666549682617188,0.014486959737250268,0.1,0.06,255,7,800,50,"{'l2_regularization': 0.1, 'learning_rate': 0.06, 'max_bins': 255, 'max_depth': 7, 'max_iter': 800, 'min_samples_leaf': 50}",0.665545408532707,0.6414107047337698,0.6814302124380258,0.6600882613816521,0.6498759202981843,0.6596701014768678,0.013693268960558745,43
1.3530602931976319,0.2745611528120857,0.07891955375671386,0.017987476644473963,0.1,0.06,255,7,200,50,"{'l2_regularization': 0.1, 'learning_rate': 0.06, 'max_bins': 255, 'max_depth': 7, 'max_iter': 200, 'min_samples_leaf': 50}",0.665545408532707,0.6414107047337698,0.6814302124380258,0.6600882613816521,0.6498759202981843,0.6596701014768678,0.013693268960558745,43
1.141108465194702,0.1823206899899745,0.05310678482055664,0.008764025131724498,0.0,0.1,255,7,400,10,"{'l2_regularization': 0.0, 'learning_rate': 0.1, 'max_bins': 255, 'max_depth': 7, 'max_iter': 400, 'min_samples_leaf': 10}",0.6752528885111052,0.6482844698031078,0.6835846431981596,0.6595126963585568,0.6313542378549776,0.6595977871451814,0.018687685401441508,46
1.1422106266021728,0.18793794356669186,0.053828859329223634,0.008682822636732776,0.0,0.1,255,7,200,10,"{'l2_regularization': 0.0, 'learning_rate': 0.1, 'max_bins': 255, 'max_depth': 7, 'max_iter': 200, 'min_samples_leaf': 10}",0.6752528885111052,0.6482844698031078,0.6835846431981596,0.6595126963585568,0.6313542378549776,0.6595977871451814,0.018687685401441508,46
1.1422428131103515,0.18713502738527357,0.05263533592224121,0.008450834377826181,0.0,0.1,255,7,800,10,"{'l2_regularization': 0.0, 'learning_rate': 0.1, 'max_bins': 255, 'max_depth': 7, 'max_iter': 800, 'min_samples_leaf': 10}",0.6752528885111052,0.6482844698031078,0.6835846431981596,0.6595126963585568,0.6313542378549776,0.6595977871451814,0.018687685401441508,46
0.9902339935302734,0.15098369745503457,0.05207657814025879,0.00906119489536544,0.1,0.1,255,5,800,10,"{'l2_regularization': 0.1, 'learning_rate': 0.1, 'max_bins': 255, 'max_depth': 5, 'max_iter': 800, 'min_samples_leaf': 10}",0.660770979998988,0.6357559504099206,0.6929051614247892,0.6602451785826855,0.6481268084858938,0.6595608157804553,0.019032532014690375,49
0.9973351955413818,0.14949929492526762,0.05132651329040527,0.006460248758505007,0.1,0.1,255,5,400,10,"{'l2_regularization': 0.1, 'learning_rate': 0.1, 'max_bins': 255, 'max_depth': 5, 'max_iter': 400, 'min_samples_leaf': 10}",0.660770979998988,0.6357559504099206,0.6929051614247892,0.6602451785826855,0.6481268084858938,0.6595608157804553,0.019032532014690375,49
0.9908013343811035,0.15525089168340653,0.05327305793762207,0.008422903244805463,0.1,0.1,255,5,200,10,"{'l2_regularization': 0.1, 'learning_rate': 0.1, 'max_bins': 255, 'max_depth': 5, 'max_iter': 200, 'min_samples_leaf': 10}",0.660770979998988,0.6357559504099206,0.6929051614247892,0.6602451785826855,0.6481268084858938,0.6595608157804553,0.019032532014690375,49
1.4921114444732666,0.6618434195061002,0.0891657829284668,0.038587934298994396,0.1,0.06,255,5,400,50,"{'l2_regularization': 0.1, 'learning_rate': 0.06, 'max_bins': 255, 'max_depth': 5, 'max_iter': 400, 'min_samples_leaf': 50}",0.656528725277232,0.6422282303481572,0.6956363689238559,0.6640117972654049,0.6392752242886071,0.6595360692206513,0.020210744773918505,52
1.501497459411621,0.6771662227660458,0.08988051414489746,0.0403170334319759,0.1,0.06,255,5,800,50,"{'l2_regularization': 0.1, 'learning_rate': 0.06, 'max_bins': 255, 'max_depth': 5, 'max_iter': 800, 'min_samples_leaf': 50}",0.656528725277232,0.6422282303481572,0.6956363689238559,0.6640117972654049,0.6392752242886071,0.6595360692206513,0.020210744773918505,52
1.3228806972503662,0.14473655028698296,0.0730480670928955,0.008601372593973783,0.01,0.06,255,7,800,50,"{'l2_regularization': 0.01, 'learning_rate': 0.06, 'max_bins': 255, 'max_depth': 7, 'max_iter': 800, 'min_samples_leaf': 50}",0.6605179098586009,0.6430130064201286,0.6820069891769593,0.6635780029953668,0.6484824470843746,0.6595196711070861,0.013545746974687509,54
1.3530249118804931,0.1482458882573769,0.07886285781860351,0.007809629971059623,0.01,0.06,255,7,200,50,"{'l2_regularization': 0.01, 'learning_rate': 0.06, 'max_bins': 255, 'max_depth': 7, 'max_iter': 200, 'min_samples_leaf': 50}",0.6605179098586009,0.6430130064201286,0.6820069891769593,0.6635780029953668,0.6484824470843746,0.6595196711070861,0.013545746974687509,54
1.3479538917541505,0.15290649943681947,0.07580065727233887,0.007037439854917618,0.01,0.06,255,7,400,50,"{'l2_regularization': 0.01, 'learning_rate': 0.06, 'max_bins': 255, 'max_depth': 7, 'max_iter': 400, 'min_samples_leaf': 50}",0.6605179098586009,0.6430130064201286,0.6820069891769593,0.6635780029953668,0.6484824470843746,0.6595196711070861,0.013545746974687509,54
1.4376928806304932,0.519143035232977,0.08235268592834473,0.028490842952496133,0.1,0.06,255,5,200,50,"{'l2_regularization': 0.1, 'learning_rate': 0.06, 'max_bins': 255, 'max_depth': 5, 'max_iter': 200, 'min_samples_leaf': 50}",0.656528725277232,0.6422282303481572,0.6952510432873418,0.6640117972654049,0.6392752242886071,0.6594590040933486,0.02007321130430463,57
2.1397701263427735,0.5290319563208533,0.12694568634033204,0.027882114767039192,0.0,0.03,255,5,800,50,"{'l2_regularization': 0.0, 'learning_rate': 0.03, 'max_bins': 255, 'max_depth': 5, 'max_iter': 800, 'min_samples_leaf': 50}",0.6607552387940836,0.6348462408983617,0.6916062020463509,0.6595096670689616,0.6486732923288747,0.6590781282273266,0.018743102654567228,58
2.90646071434021,0.6280275104997115,0.12480306625366211,0.031994771725331814,0.0,0.03,255,5,400,50,"{'l2_regularization': 0.0, 'learning_rate': 0.03, 'max_bins': 255, 'max_depth': 5, 'max_iter': 400, 'min_samples_leaf': 50}",0.6607552387940836,0.6348462408983617,0.6916062020463509,0.6595096670689616,0.6486732923288747,0.6590781282273266,0.018743102654567228,58
0.8715985774993896,0.1707612114097303,0.056401300430297854,0.01169511814939087,0.01,0.1,255,3,200,50,"{'l2_regularization': 0.01, 'learning_rate': 0.1, 'max_bins': 255, 'max_depth': 3, 'max_iter': 200, 'min_samples_leaf': 50}",0.6647674297518513,0.6410425756180923,0.6813132818596497,0.6657081994387385,0.6424493139264977,0.659056160118966,0.015313551274223404,60
1.0196282386779785,0.19933169873275536,0.06313624382019042,0.008099082423196279,0.01,0.1,255,3,800,50,"{'l2_regularization': 0.01, 'learning_rate': 0.1, 'max_bins': 255, 'max_depth': 3, 'max_iter': 800, 'min_samples_leaf': 50}",0.6647674297518513,0.6410425756180923,0.6813132818596497,0.6657081994387385,0.6424493139264977,0.659056160118966,0.015313551274223404,60
0.9326835155487061,0.20345818068329424,0.06466341018676758,0.011838690051728464,0.01,0.1,255,3,400,50,"{'l2_regularization': 0.01, 'learning_rate': 0.1, 'max_bins': 255, 'max_depth': 3, 'max_iter': 400, 'min_samples_leaf': 50}",0.6647674297518513,0.6410425756180923,0.6813132818596497,0.6657081994387385,0.6424493139264977,0.659056160118966,0.015313551274223404,60
2.436900329589844,0.8824537497324211,0.1381748676300049,0.050823318773087864,0.1,0.03,255,7,400,50,"{'l2_regularization': 0.1, 'learning_rate': 0.03, 'max_bins': 255, 'max_depth': 7, 'max_iter': 400, 'min_samples_leaf': 50}",0.6597804949519219,0.6461897120344918,0.6917273736301603,0.6525011026614179,0.6434574615037931,0.658731228956357,0.017431228384777314,63
2.3461511611938475,0.8158785541593472,0.12763619422912598,0.04592810036407126,0.1,0.03,255,7,800,50,"{'l2_regularization': 0.1, 'learning_rate': 0.03, 'max_bins': 255, 'max_depth': 7, 'max_iter': 800, 'min_samples_leaf': 50}",0.6597804949519219,0.6461897120344918,0.6917273736301603,0.6525011026614179,0.6434574615037931,0.658731228956357,0.017431228384777314,63
2.00952091217041,0.33909247181561647,0.11900415420532226,0.023246832623965163,0.1,0.03,255,5,400,50,"{'l2_regularization': 0.1, 'learning_rate': 0.03, 'max_bins': 255, 'max_depth': 5, 'max_iter': 400, 'min_samples_leaf': 50}",0.6592919121689255,0.6356122163070942,0.6853925232285978,0.6660559618842719,0.646963561281322,0.6586632349740423,0.016957206862451356,65
1.995193862915039,0.32414494360108764,0.12172050476074218,0.030856073901984866,0.1,0.03,255,5,800,50,"{'l2_regularization': 0.1, 'learning_rate': 0.03, 'max_bins': 255, 'max_depth': 5, 'max_iter': 800, 'min_samples_leaf': 50}",0.6592919121689255,0.6356122163070942,0.6853925232285978,0.6660559618842719,0.646963561281322,0.6586632349740423,0.016957206862451356,65
1.9481147289276124,0.31803153874382095,0.11292724609375,0.019957673182601176,0.1,0.03,255,5,200,50,"{'l2_regularization': 0.1, 'learning_rate': 0.03, 'max_bins': 255, 'max_depth': 5, 'max_iter': 200, 'min_samples_leaf': 50}",0.6592919121689255,0.6356122163070942,0.6853925232285978,0.6660559618842719,0.6467315176983268,0.6586168262574432,0.0169894500597661,67
0.8667521953582764,0.08291435891252845,0.050922298431396486,0.0038296359827745723,0.01,0.1,255,7,200,50,"{'l2_regularization': 0.01, 'learning_rate': 0.1, 'max_bins': 255, 'max_depth': 7, 'max_iter': 200, 'min_samples_leaf': 50}",0.6626175444204746,0.6443430017260275,0.6810848734241688,0.6637524900760525,0.6411951880340692,0.6585986195361585,0.014522037184088597,68
0.859132957458496,0.08028767127231345,0.05049285888671875,0.0046283481230086744,0.01,0.1,255,7,800,50,"{'l2_regularization': 0.01, 'learning_rate': 0.1, 'max_bins': 255, 'max_depth': 7, 'max_iter': 800, 'min_samples_leaf': 50}",0.6626175444204746,0.6443430017260275,0.6810848734241688,0.6637524900760525,0.6411951880340692,0.6585986195361585,0.014522037184088597,68
0.8718518257141114,0.08225111635340206,0.04911541938781738,0.005663426251319596,0.01,0.1,255,7,400,50,"{'l2_regularization': 0.01, 'learning_rate': 0.1, 'max_bins': 255, 'max_depth': 7, 'max_iter': 400, 'min_samples_leaf': 50}",0.6626175444204746,0.6443430017260275,0.6810848734241688,0.6637524900760525,0.6411951880340692,0.6585986195361585,0.014522037184088597,68
1.2385076045989991,0.20113979158129003,0.06718721389770507,0.011218045322494583,0.0,0.06,255,7,200,50,"{'l2_regularization': 0.0, 'learning_rate': 0.06, 'max_bins': 255, 'max_depth': 7, 'max_iter': 200, 'min_samples_leaf': 50}",0.6620968737967112,0.6410941258237473,0.6782234064725066,0.6609231335940999,0.6499443822430366,0.6584563843860204,0.01252178405689806,71
1.2125070571899415,0.2263786103782501,0.06847825050354003,0.012045540154544234,0.0,0.06,255,7,400,50,"{'l2_regularization': 0.0, 'learning_rate': 0.06, 'max_bins': 255, 'max_depth': 7, 'max_iter': 400, 'min_samples_leaf': 50}",0.6620968737967112,0.6410941258237473,0.6782234064725066,0.6609231335940999,0.6499443822430366,0.6584563843860204,0.01252178405689806,71
1.1678146839141845,0.20048116806598448,0.06620984077453614,0.012867782098327906,0.0,0.06,255,7,800,50,"{'l2_regularization': 0.0, 'learning_rate': 0.06, 'max_bins': 255, 'max_depth': 7, 'max_iter': 800, 'min_samples_leaf': 50}",0.6620968737967112,0.6410941258237473,0.6782234064725066,0.6609231335940999,0.6499443822430366,0.6584563843860204,0.01252178405689806,71
3.9450575351715087,1.0925363217695279,0.311217212677002,0.07411033590801075,0.0,0.03,255,5,200,50,"{'l2_regularization': 0.0, 'learning_rate': 0.03, 'max_bins': 255, 'max_depth': 5, 'max_iter': 200, 'min_samples_leaf': 50}",0.6607552387940836,0.6348462408983617,0.6896638215578839,0.6595096670689616,0.6468005855010983,0.6583151107640779,0.018294780691813495,74
2.0973323345184327,0.31578665347732493,0.1203277587890625,0.02148908040604559,0.01,0.03,255,7,200,50,"{'l2_regularization': 0.01, 'learning_rate': 0.03, 'max_bins': 255, 'max_depth': 7, 'max_iter': 200, 'min_samples_leaf': 50}",0.6617130305694252,0.6450252838596966,0.6773879284021398,0.6595575298445664,0.6477590527290318,0.658288565080972,0.011531766333490453,75
2.0746081352233885,0.30842087250544015,0.11339950561523438,0.01890000048704006,0.01,0.03,255,7,800,50,"{'l2_regularization': 0.01, 'learning_rate': 0.03, 'max_bins': 255, 'max_depth': 7, 'max_iter': 800, 'min_samples_leaf': 50}",0.6617130305694252,0.6450252838596966,0.6773879284021398,0.6595575298445664,0.6477590527290318,0.658288565080972,0.011531766333490453,75
2.1523138523101806,0.3215736579357347,0.1189429759979248,0.017631266290238142,0.01,0.03,255,7,400,50,"{'l2_regularization': 0.01, 'learning_rate': 0.03, 'max_bins': 255, 'max_depth': 7, 'max_iter': 400, 'min_samples_leaf': 50}",0.6617130305694252,0.6450252838596966,0.6773879284021398,0.6595575298445664,0.6477590527290318,0.658288565080972,0.011531766333490453,75
1.2714886665344238,0.1606169431033838,0.06514954566955566,0.007454268705400656,0.01,0.06,255,5,800,10,"{'l2_regularization': 0.01, 'learning_rate': 0.06, 'max_bins': 255, 'max_depth': 5, 'max_iter': 800, 'min_samples_leaf': 10}",0.6644211232439529,0.6436279700499422,0.6773006848617968,0.6637543076498096,0.6417083496915025,0.6581624870994008,0.013555075955150157,78
1.2671310901641846,0.1598958256801033,0.06702475547790528,0.006863780493189791,0.01,0.06,255,5,200,10,"{'l2_regularization': 0.01, 'learning_rate': 0.06, 'max_bins': 255, 'max_depth': 5, 'max_iter': 200, 'min_samples_leaf': 10}",0.6644211232439529,0.6436279700499422,0.6773006848617968,0.6637543076498096,0.6417083496915025,0.6581624870994008,0.013555075955150157,78
1.2915207862854003,0.14740004766173054,0.06669588088989258,0.009747066005286756,0.01,0.06,255,5,400,10,"{'l2_regularization': 0.01, 'learning_rate': 0.06, 'max_bins': 255, 'max_depth': 5, 'max_iter': 400, 'min_samples_leaf': 10}",0.6644211232439529,0.6436279700499422,0.6773006848617968,0.6637543076498096,0.6417083496915025,0.6581624870994008,0.013555075955150157,78
2.352542352676392,0.6049224637811426,0.12766265869140625,0.0265083174308162,0.1,0.03,255,7,200,50,"{'l2_regularization': 0.1, 'learning_rate': 0.03, 'max_bins': 255, 'max_depth': 7, 'max_iter': 200, 'min_samples_leaf': 50}",0.6597804949519219,0.6461897120344918,0.6887453409526076,0.6525011026614179,0.6434574615037931,0.6581348224208464,0.01630681738919185,81
2.097544050216675,0.1828261591290161,0.1210331916809082,0.013730077051447126,0.01,0.03,255,5,200,50,"{'l2_regularization': 0.01, 'learning_rate': 0.03, 'max_bins': 255, 'max_depth': 5, 'max_iter': 200, 'min_samples_leaf': 50}",0.665090124452393,0.6355279165590231,0.6847636427086263,0.6598386479190046,0.6449272728154027,0.65802952089089,0.01700487832806593,82
2.2026047229766847,0.3691133928297311,0.10855460166931152,0.018720109139793845,0.01,0.03,255,7,400,25,"{'l2_regularization': 0.01, 'learning_rate': 0.03, 'max_bins': 255, 'max_depth': 7, 'max_iter': 400, 'min_samples_leaf': 25}",0.661217788045892,0.6465026521064681,0.6862891929487884,0.6623650754414333,0.6336801264062016,0.6580109669897567,0.017625726311504913,83
2.1957297801971434,0.35151839832358944,0.10624251365661622,0.020089636701352234,0.01,0.03,255,7,800,25,"{'l2_regularization': 0.01, 'learning_rate': 0.03, 'max_bins': 255, 'max_depth': 7, 'max_iter': 800, 'min_samples_leaf': 25}",0.661217788045892,0.6465026521064681,0.6862891929487884,0.6623650754414333,0.6336801264062016,0.6580109669897567,0.017625726311504913,83
2.1690550804138184,0.33903595780444934,0.10356850624084472,0.016840531124922904,0.01,0.03,255,7,200,25,"{'l2_regularization': 0.01, 'learning_rate': 0.03, 'max_bins': 255, 'max_depth': 7, 'max_iter': 200, 'min_samples_leaf': 25}",0.661217788045892,0.6465026521064681,0.6862891929487884,0.6623650754414333,0.6336801264062016,0.6580109669897567,0.017625726311504913,83
2.112735891342163,0.2059246159722296,0.12071475982666016,0.013600382629121553,0.01,0.03,255,5,400,50,"{'l2_regularization': 0.01, 'learning_rate': 0.03, 'max_bins': 255, 'max_depth': 5, 'max_iter': 400, 'min_samples_leaf': 50}",0.665090124452393,0.6355279165590231,0.6847636427086263,0.6598386479190046,0.6448267004008409,0.6580094064079776,0.017020417010522204,86
2.1002666473388674,0.20386424321831595,0.12296462059020996,0.011899814085817736,0.01,0.03,255,5,800,50,"{'l2_regularization': 0.01, 'learning_rate': 0.03, 'max_bins': 255, 'max_depth': 5, 'max_iter': 800, 'min_samples_leaf': 50}",0.665090124452393,0.6355279165590231,0.6847636427086263,0.6598386479190046,0.6448267004008409,0.6580094064079776,0.017020417010522204,86
1.3642624855041503,0.16404328895926715,0.06904926300048828,0.007370101932132663,0.01,0.06,255,7,400,25,"{'l2_regularization': 0.01, 'learning_rate': 0.06, 'max_bins': 255, 'max_depth': 7, 'max_iter': 400, 'min_samples_leaf': 25}",0.6695025052733089,0.6386003088160609,0.6864200582593026,0.6602591133148236,0.6350299778498398,0.6579623927026672,0.019230568353851937,88
1.3563924789428712,0.16666923653965024,0.06969232559204101,0.010037443427609316,0.01,0.06,255,7,200,25,"{'l2_regularization': 0.01, 'learning_rate': 0.06, 'max_bins': 255, 'max_depth': 7, 'max_iter': 200, 'min_samples_leaf': 25}",0.6695025052733089,0.6386003088160609,0.6864200582593026,0.6602591133148236,0.6350299778498398,0.6579623927026672,0.019230568353851937,88
1.37001690864563,0.1705239517153665,0.06826715469360352,0.006081629904784154,0.01,0.06,255,7,800,25,"{'l2_regularization': 0.01, 'learning_rate': 0.06, 'max_bins': 255, 'max_depth': 7, 'max_iter': 800, 'min_samples_leaf': 25}",0.6695025052733089,0.6386003088160609,0.6864200582593026,0.6602591133148236,0.6350299778498398,0.6579623927026672,0.019230568353851937,88
1.243375015258789,0.13288404228080797,0.06380391120910645,0.008239646251225884,0.1,0.06,255,7,200,25,"{'l2_regularization': 0.1, 'learning_rate': 0.06, 'max_bins': 255, 'max_depth': 7, 'max_iter': 200, 'min_samples_leaf': 25}",0.6584776075305977,0.6489406735974456,0.6872949170944075,0.6600288873055855,0.6346295057653494,0.6578743182586771,0.017266783582124412,91
1.2584060668945312,0.14308460037375903,0.06471056938171386,0.00834973710927112,0.1,0.06,255,7,800,25,"{'l2_regularization': 0.1, 'learning_rate': 0.06, 'max_bins': 255, 'max_depth': 7, 'max_iter': 800, 'min_samples_leaf': 25}",0.6584776075305977,0.6489406735974456,0.6872949170944075,0.6600288873055855,0.6346295057653494,0.6578743182586771,0.017266783582124412,91
1.252922248840332,0.13486756812972925,0.06474766731262208,0.007756533218256328,0.1,0.06,255,7,400,25,"{'l2_regularization': 0.1, 'learning_rate': 0.06, 'max_bins': 255, 'max_depth': 7, 'max_iter': 400, 'min_samples_leaf': 25}",0.6584776075305977,0.6489406735974456,0.6872949170944075,0.6600288873055855,0.6346295057653494,0.6578743182586771,0.017266783582124412,91
0.8803162097930908,0.16896528804412378,0.05213613510131836,0.011956059605935597,0.0,0.1,255,7,200,50,"{'l2_regularization': 0.0, 'learning_rate': 0.1, 'max_bins': 255, 'max_depth': 7, 'max_iter': 200, 'min_samples_leaf': 50}",0.6613727783711054,0.6443345111039197,0.6858251057827979,0.6553104658320421,0.6411915528865548,0.6576068827952841,0.015882962666053584,94
0.8678806304931641,0.17427155281286275,0.04974279403686523,0.008596034437017458,0.0,0.1,255,7,800,50,"{'l2_regularization': 0.0, 'learning_rate': 0.1, 'max_bins': 255, 'max_depth': 7, 'max_iter': 800, 'min_samples_leaf': 50}",0.6613727783711054,0.6443345111039197,0.6858251057827979,0.6553104658320421,0.6411915528865548,0.6576068827952841,0.015882962666053584,94
0.8777649402618408,0.17657213754121578,0.05223078727722168,0.009355136317765375,0.0,0.1,255,7,400,50,"{'l2_regularization': 0.0, 'learning_rate': 0.1, 'max_bins': 255, 'max_depth': 7, 'max_iter': 400, 'min_samples_leaf': 50}",0.6613727783711054,0.6443345111039197,0.6858251057827979,0.6553104658320421,0.6411915528865548,0.6576068827952841,0.015882962666053584,94
0.9881112575531006,0.1004126472173327,0.04869976043701172,0.005743957901004384,0.01,0.1,255,7,200,10,"{'l2_regularization': 0.01, 'learning_rate': 0.1, 'max_bins': 255, 'max_depth': 7, 'max_iter': 200, 'min_samples_leaf': 10}",0.6626926178592498,0.6426345672633202,0.685827529214474,0.6565252109597327,0.6401416011128451,0.6575643052819243,0.016447716144377098,97
1.0053390979766845,0.10542427831213742,0.0487403392791748,0.004778285547981982,0.01,0.1,255,7,400,10,"{'l2_regularization': 0.01, 'learning_rate': 0.1, 'max_bins': 255, 'max_depth': 7, 'max_iter': 400, 'min_samples_leaf': 10}",0.6626926178592498,0.6426345672633202,0.685827529214474,0.6565252109597327,0.6401416011128451,0.6575643052819243,0.016447716144377098,97
0.9995933055877686,0.10300601944584917,0.04736828804016113,0.004615671098829439,0.01,0.1,255,7,800,10,"{'l2_regularization': 0.01, 'learning_rate': 0.1, 'max_bins': 255, 'max_depth': 7, 'max_iter': 800, 'min_samples_leaf': 10}",0.6626926178592498,0.6426345672633202,0.685827529214474,0.6565252109597327,0.6401416011128451,0.6575643052819243,0.016447716144377098,97
0.9139498233795166,0.17710082906701044,0.053316688537597655,0.010851060326349568,0.01,0.1,255,5,400,25,"{'l2_regularization': 0.01, 'learning_rate': 0.1, 'max_bins': 255, 'max_depth': 5, 'max_iter': 400, 'min_samples_leaf': 25}",0.6535972285792526,0.6480333899779176,0.686461862455717,0.664151750444705,0.6349372815882256,0.6574363026091635,0.017302829631573712,100
0.9371087551116943,0.1801923883241182,0.05314188003540039,0.00894358888946294,0.01,0.1,255,5,800,25,"{'l2_regularization': 0.01, 'learning_rate': 0.1, 'max_bins': 255, 'max_depth': 5, 'max_iter': 800, 'min_samples_leaf': 25}",0.6535972285792526,0.6480333899779176,0.686461862455717,0.664151750444705,0.6349372815882256,0.6574363026091635,0.017302829631573712,100
0.9618927955627441,0.17837798112517006,0.051131486892700195,0.009948503663406433,0.01,0.1,255,5,200,25,"{'l2_regularization': 0.01, 'learning_rate': 0.1, 'max_bins': 255, 'max_depth': 5, 'max_iter': 200, 'min_samples_leaf': 25}",0.6535972285792526,0.6480333899779176,0.686461862455717,0.664151750444705,0.6349372815882256,0.6574363026091635,0.017302829631573712,100
0.7809829711914062,0.12603789828844217,0.04939060211181641,0.010188805644848099,0.0,0.1,255,5,800,50,"{'l2_regularization': 0.0, 'learning_rate': 0.1, 'max_bins': 255, 'max_depth': 5, 'max_iter': 800, 'min_samples_leaf': 50}",0.6515224166866511,0.6394803011502421,0.6797113935216876,0.66675693949661,0.6453659139487934,0.6565673929607969,0.014713023107256971,103
0.7905924797058106,0.11366112732363123,0.04756107330322266,0.006966137328844351,0.0,0.1,255,5,200,50,"{'l2_regularization': 0.0, 'learning_rate': 0.1, 'max_bins': 255, 'max_depth': 5, 'max_iter': 200, 'min_samples_leaf': 50}",0.6515224166866511,0.6394803011502421,0.6797113935216876,0.66675693949661,0.6453659139487934,0.6565673929607969,0.014713023107256971,103
0.7841105461120605,0.11881248932259067,0.047931480407714847,0.007750741492674991,0.0,0.1,255,5,400,50,"{'l2_regularization': 0.0, 'learning_rate': 0.1, 'max_bins': 255, 'max_depth': 5, 'max_iter': 400, 'min_samples_leaf': 50}",0.6515224166866511,0.6394803011502421,0.6797113935216876,0.66675693949661,0.6453659139487934,0.6565673929607969,0.014713023107256971,103
1.1458690643310547,0.2534571566329189,0.05487546920776367,0.011471239995867532,0.1,0.1,255,7,200,10,"{'l2_regularization': 0.1, 'learning_rate': 0.1, 'max_bins': 255, 'max_depth': 7, 'max_iter': 200, 'min_samples_leaf': 10}",0.6649278689556852,0.6406586782042145,0.682981208710788,0.6624595892768048,0.6314378462478061,0.6564930382790598,0.018367682917968562,106
1.1639167308807372,0.2720790296219767,0.05648107528686523,0.013144518523650756,0.1,0.1,255,7,400,10,"{'l2_regularization': 0.1, 'learning_rate': 0.1, 'max_bins': 255, 'max_depth': 7, 'max_iter': 400, 'min_samples_leaf': 10}",0.6649278689556852,0.6406586782042145,0.682981208710788,0.6624595892768048,0.6314378462478061,0.6564930382790598,0.018367682917968562,106
1.198671007156372,0.27723971984495094,0.05463199615478516,0.006379638851125743,0.1,0.1,255,7,800,10,"{'l2_regularization': 0.1, 'learning_rate': 0.1, 'max_bins': 255, 'max_depth': 7, 'max_iter': 800, 'min_samples_leaf': 10}",0.6649278689556852,0.6406586782042145,0.682981208710788,0.6624595892768048,0.6314378462478061,0.6564930382790598,0.018367682917968562,106
1.3474202156066895,0.30938756492675185,0.07011547088623046,0.01538953701877179,0.0,0.06,255,5,200,10,"{'l2_regularization': 0.0, 'learning_rate': 0.06, 'max_bins': 255, 'max_depth': 5, 'max_iter': 200, 'min_samples_leaf': 10}",0.6592567971733692,0.640841226579534,0.6843989162413595,0.6603081878062664,0.6373092153412973,0.6564228686283653,0.016816095902872506,109
1.344736099243164,0.2984778832803932,0.0690427303314209,0.013612566851769202,0.0,0.06,255,5,400,10,"{'l2_regularization': 0.0, 'learning_rate': 0.06, 'max_bins': 255, 'max_depth': 5, 'max_iter': 400, 'min_samples_leaf': 10}",0.6592567971733692,0.640841226579534,0.6843989162413595,0.6603081878062664,0.6373092153412973,0.6564228686283653,0.016816095902872506,109
1.4943273544311524,0.3505362990772012,0.08112101554870606,0.018392726271961767,0.0,0.06,255,5,800,10,"{'l2_regularization': 0.0, 'learning_rate': 0.06, 'max_bins': 255, 'max_depth': 5, 'max_iter': 800, 'min_samples_leaf': 10}",0.6592567971733692,0.640841226579534,0.6843989162413595,0.6603081878062664,0.6373092153412973,0.6564228686283653,0.016816095902872506,109
1.1650606155395509,0.2100091536103829,0.06062827110290527,0.01220545783985509,0.1,0.06,255,5,800,10,"{'l2_regularization': 0.1, 'learning_rate': 0.06, 'max_bins': 255, 'max_depth': 5, 'max_iter': 800, 'min_samples_leaf': 10}",0.6631285281489122,0.641900734923996,0.676450666201373,0.6661177593920148,0.6343380881062874,0.6563871553545166,0.01573971393003222,112
1.1726210117340088,0.21980447397633882,0.06198463439941406,0.011848895219963093,0.1,0.06,255,5,400,10,"{'l2_regularization': 0.1, 'learning_rate': 0.06, 'max_bins': 255, 'max_depth': 5, 'max_iter': 400, 'min_samples_leaf': 10}",0.6631285281489122,0.641900734923996,0.676450666201373,0.6661177593920148,0.6343380881062874,0.6563871553545166,0.01573971393003222,112
1.1837080478668214,0.22108586356510695,0.06362848281860352,0.008534292415381861,0.1,0.06,255,5,200,10,"{'l2_regularization': 0.1, 'learning_rate': 0.06, 'max_bins': 255, 'max_depth': 5, 'max_iter': 200, 'min_samples_leaf': 10}",0.6631285281489122,0.641900734923996,0.676450666201373,0.6661177593920148,0.6343380881062874,0.6563871553545166,0.01573971393003222,112
0.8877799987792969,0.17955519898695738,0.05370492935180664,0.010427916013809792,0.01,0.1,255,5,800,50,"{'l2_regularization': 0.01, 'learning_rate': 0.1, 'max_bins': 255, 'max_depth': 5, 'max_iter': 800, 'min_samples_leaf': 50}",0.6513716643781429,0.6394754493661804,0.6877844502929981,0.663846398053505,0.6389747187607595,0.6562905361703171,0.018197459449408055,115
0.9048490524291992,0.18918728355080763,0.05834321975708008,0.012058114113109936,0.01,0.1,255,5,400,50,"{'l2_regularization': 0.01, 'learning_rate': 0.1, 'max_bins': 255, 'max_depth': 5, 'max_iter': 400, 'min_samples_leaf': 50}",0.6513716643781429,0.6394754493661804,0.6877844502929981,0.663846398053505,0.6389747187607595,0.6562905361703171,0.018197459449408055,115
0.8873584270477295,0.16698103549514914,0.055114126205444335,0.010031338032046687,0.01,0.1,255,5,200,50,"{'l2_regularization': 0.01, 'learning_rate': 0.1, 'max_bins': 255, 'max_depth': 5, 'max_iter': 200, 'min_samples_leaf': 50}",0.6513716643781429,0.6394754493661804,0.6877844502929981,0.663846398053505,0.6389747187607595,0.6562905361703171,0.018197459449408055,115
1.252026414871216,0.19394124791018869,0.07075972557067871,0.009080787207998941,0.0,0.06,255,5,200,25,"{'l2_regularization': 0.0, 'learning_rate': 0.06, 'max_bins': 255, 'max_depth': 5, 'max_iter': 200, 'min_samples_leaf': 25}",0.6562605193628983,0.6433119976129276,0.6914547375665889,0.6637979294199812,0.6263147116843388,0.656227979129347,0.021724897532712745,118
1.4440885066986084,0.23085109491846098,0.08059554100036621,0.011016306084602296,0.0,0.06,255,5,800,25,"{'l2_regularization': 0.0, 'learning_rate': 0.06, 'max_bins': 255, 'max_depth': 5, 'max_iter': 800, 'min_samples_leaf': 25}",0.6562605193628983,0.6433119976129276,0.6914547375665889,0.6637979294199812,0.6263147116843388,0.656227979129347,0.021724897532712745,118
1.251971435546875,0.20025036338979002,0.07049779891967774,0.01298748709448931,0.0,0.06,255,5,400,25,"{'l2_regularization': 0.0, 'learning_rate': 0.06, 'max_bins': 255, 'max_depth': 5, 'max_iter': 400, 'min_samples_leaf': 25}",0.6562605193628983,0.6433119976129276,0.6914547375665889,0.6637979294199812,0.6263147116843388,0.656227979129347,0.021724897532712745,118
0.9407994270324707,0.18804976984846164,0.05949215888977051,0.013515427855250768,0.0,0.1,255,3,200,50,"{'l2_regularization': 0.0, 'learning_rate': 0.1, 'max_bins': 255, 'max_depth': 3, 'max_iter': 200, 'min_samples_leaf': 50}",0.660771585429946,0.6333264195410508,0.6837482248363023,0.6642947329136003,0.6383876424372021,0.6561057210316203,0.01836172708791234,121
0.9658506870269775,0.20514876395442622,0.061708498001098636,0.012702507434036663,0.0,0.1,255,3,800,50,"{'l2_regularization': 0.0, 'learning_rate': 0.1, 'max_bins': 255, 'max_depth': 3, 'max_iter': 800, 'min_samples_leaf': 50}",0.660771585429946,0.6333264195410508,0.6837482248363023,0.6642947329136003,0.6383876424372021,0.6561057210316203,0.01836172708791234,121
0.948683214187622,0.19494886612346507,0.05962395668029785,0.01071578433358454,0.0,0.1,255,3,400,50,"{'l2_regularization': 0.0, 'learning_rate': 0.1, 'max_bins': 255, 'max_depth': 3, 'max_iter': 400, 'min_samples_leaf': 50}",0.660771585429946,0.6333264195410508,0.6837482248363023,0.6642947329136003,0.6383876424372021,0.6561057210316203,0.01836172708791234,121
1.0704161643981933,0.3175419589415485,0.05472207069396973,0.016301582516948424,0.0,0.1,255,5,200,10,"{'l2_regularization': 0.0, 'learning_rate': 0.1, 'max_bins': 255, 'max_depth': 5, 'max_iter': 200, 'min_samples_leaf': 10}",0.6537261853732778,0.6396646689445847,0.6846691288732549,0.6650138862635099,0.6354007628962971,0.6556949264701848,0.017883207707405868,124
1.0600346088409425,0.3058223631905563,0.05580496788024902,0.014414298522952104,0.0,0.1,255,5,800,10,"{'l2_regularization': 0.0, 'learning_rate': 0.1, 'max_bins': 255, 'max_depth': 5, 'max_iter': 800, 'min_samples_leaf': 10}",0.6537261853732778,0.6396646689445847,0.6846691288732549,0.6650138862635099,0.6354007628962971,0.6556949264701848,0.017883207707405868,124
1.0605642795562744,0.30386290092002327,0.0568793773651123,0.01652151839477201,0.0,0.1,255,5,400,10,"{'l2_regularization': 0.0, 'learning_rate': 0.1, 'max_bins': 255, 'max_depth': 5, 'max_iter': 400, 'min_samples_leaf': 10}",0.6537261853732778,0.6396646689445847,0.6846691288732549,0.6650138862635099,0.6354007628962971,0.6556949264701848,0.017883207707405868,124
2.036761522293091,0.276021599312054,0.10121665000915528,0.013349968531571988,0.1,0.03,255,5,800,10,"{'l2_regularization': 0.1, 'learning_rate': 0.03, 'max_bins': 255, 'max_depth': 5, 'max_iter': 800, 'min_samples_leaf': 10}",0.6573442407774757,0.6420632696900613,0.6778932139066254,0.6661353292716671,0.6346616162350589,0.6556195339761777,0.015701464895541712,127
1.9817755222320557,0.26890380517940266,0.0999237060546875,0.011962826768982344,0.1,0.03,255,5,400,10,"{'l2_regularization': 0.1, 'learning_rate': 0.03, 'max_bins': 255, 'max_depth': 5, 'max_iter': 400, 'min_samples_leaf': 10}",0.6573442407774757,0.6420632696900613,0.6778932139066254,0.6661353292716671,0.6346616162350589,0.6556195339761777,0.015701464895541712,127
1.923841381072998,0.26877953854176306,0.09724421501159668,0.013162075211082574,0.1,0.03,255,5,200,10,"{'l2_regularization': 0.1, 'learning_rate': 0.03, 'max_bins': 255, 'max_depth': 5, 'max_iter': 200, 'min_samples_leaf': 10}",0.6573442407774757,0.6420632696900613,0.6778932139066254,0.6661353292716671,0.6346616162350589,0.6556195339761777,0.015701464895541712,127
2.153415489196777,0.4851899969917885,0.10059099197387696,0.023465901537892526,0.0,0.03,255,7,800,25,"{'l2_regularization': 0.0, 'learning_rate': 0.03, 'max_bins': 255, 'max_depth': 7, 'max_iter': 800, 'min_samples_leaf': 25}",0.6569930908219141,0.647545785679722,0.6743471275064394,0.664101464237424,0.6340424294417921,0.6554059795374583,0.013820863814904313,130
2.075116682052612,0.501701760708643,0.09914307594299317,0.025285787226669677,0.0,0.03,255,7,200,25,"{'l2_regularization': 0.0, 'learning_rate': 0.03, 'max_bins': 255, 'max_depth': 7, 'max_iter': 200, 'min_samples_leaf': 25}",0.6569930908219141,0.647545785679722,0.6743471275064394,0.664101464237424,0.6340424294417921,0.6554059795374583,0.013820863814904313,130
2.10172815322876,0.5233681187193704,0.1177678108215332,0.04587325727742125,0.0,0.03,255,7,400,25,"{'l2_regularization': 0.0, 'learning_rate': 0.03, 'max_bins': 255, 'max_depth': 7, 'max_iter': 400, 'min_samples_leaf': 25}",0.6569930908219141,0.647545785679722,0.6743471275064394,0.664101464237424,0.6340424294417921,0.6554059795374583,0.013820863814904313,130
2.1162781715393066,0.5998411963509263,0.11096796989440919,0.029563449810218422,0.1,0.03,255,5,800,25,"{'l2_regularization': 0.1, 'learning_rate': 0.03, 'max_bins': 255, 'max_depth': 5, 'max_iter': 800, 'min_samples_leaf': 25}",0.6538660399245444,0.6425933270987962,0.6827824873133403,0.6630290957207096,0.6346458639291637,0.6553833627973108,0.016763653523959123,133
2.0732322216033934,0.5910338123450163,0.11718187332153321,0.034582444175961555,0.1,0.03,255,5,400,25,"{'l2_regularization': 0.1, 'learning_rate': 0.03, 'max_bins': 255, 'max_depth': 5, 'max_iter': 400, 'min_samples_leaf': 25}",0.6538660399245444,0.6425933270987962,0.6827824873133403,0.6630290957207096,0.6346458639291637,0.6553833627973108,0.016763653523959123,133
2.032694911956787,0.5803608663753913,0.1127540111541748,0.03314677595221138,0.1,0.03,255,5,200,25,"{'l2_regularization': 0.1, 'learning_rate': 0.03, 'max_bins': 255, 'max_depth': 5, 'max_iter': 200, 'min_samples_leaf': 25}",0.6538660399245444,0.6425933270987962,0.6827824873133403,0.6630290957207096,0.6346458639291637,0.6553833627973108,0.016763653523959123,133
1.33685302734375,0.16502177888884434,0.06220202445983887,0.00928719215253035,0.1,0.06,255,7,800,10,"{'l2_regularization': 0.1, 'learning_rate': 0.06, 'max_bins': 255, 'max_depth': 7, 'max_iter': 800, 'min_samples_leaf': 10}",0.6588614507578838,0.6442932709393956,0.6765257925833348,0.6598883282683664,0.6372322713855781,0.6553602227869118,0.01365169386242972,136
1.3137782573699952,0.1698380216342571,0.06430988311767578,0.006029464138909996,0.1,0.06,255,7,200,10,"{'l2_regularization': 0.1, 'learning_rate': 0.06, 'max_bins': 255, 'max_depth': 7, 'max_iter': 200, 'min_samples_leaf': 10}",0.6588614507578838,0.6442932709393956,0.6765257925833348,0.6598883282683664,0.6372322713855781,0.6553602227869118,0.01365169386242972,136
1.3227920055389404,0.16697241027406087,0.06045036315917969,0.006590145428722216,0.1,0.06,255,7,400,10,"{'l2_regularization': 0.1, 'learning_rate': 0.06, 'max_bins': 255, 'max_depth': 7, 'max_iter': 400, 'min_samples_leaf': 10}",0.6588614507578838,0.6442932709393956,0.6765257925833348,0.6598883282683664,0.6372322713855781,0.6553602227869118,0.01365169386242972,136
2.0023393630981445,0.3391344725014987,0.10110983848571778,0.018365196321912143,0.01,0.03,255,5,400,10,"{'l2_regularization': 0.01, 'learning_rate': 0.03, 'max_bins': 255, 'max_depth': 5, 'max_iter': 400, 'min_samples_leaf': 10}",0.6554516636031914,0.638472343011435,0.6761865121486682,0.6694869352798388,0.6350469418715732,0.6549288791829413,0.016310771129491697,139
1.9906944274902343,0.3356669039954258,0.09990873336791992,0.018633330948266785,0.01,0.03,255,5,200,10,"{'l2_regularization': 0.01, 'learning_rate': 0.03, 'max_bins': 255, 'max_depth': 5, 'max_iter': 200, 'min_samples_leaf': 10}",0.6554516636031914,0.638472343011435,0.6761865121486682,0.6694869352798388,0.6350469418715732,0.6549288791829413,0.016310771129491697,139
1.991328191757202,0.3243962961846451,0.09962983131408691,0.015175549828161966,0.01,0.03,255,5,800,10,"{'l2_regularization': 0.01, 'learning_rate': 0.03, 'max_bins': 255, 'max_depth': 5, 'max_iter': 800, 'min_samples_leaf': 10}",0.6554516636031914,0.638472343011435,0.6761865121486682,0.6694869352798388,0.6350469418715732,0.6549288791829413,0.016310771129491697,139
0.9154688358306885,0.21035117062529712,0.05633187294006348,0.0127412129522109,0.1,0.1,255,3,400,10,"{'l2_regularization': 0.1, 'learning_rate': 0.1, 'max_bins': 255, 'max_depth': 3, 'max_iter': 400, 'min_samples_leaf': 10}",0.6558536697592133,0.6371702454638906,0.6799355609517354,0.6572964680906804,0.6437803837746455,0.654807265608033,0.014638161906878444,142
0.9331194877624511,0.21037440803736338,0.057089614868164065,0.013569150899118788,0.1,0.1,255,3,800,10,"{'l2_regularization': 0.1, 'learning_rate': 0.1, 'max_bins': 255, 'max_depth': 3, 'max_iter': 800, 'min_samples_leaf': 10}",0.6558536697592133,0.6371702454638906,0.6799355609517354,0.6572964680906804,0.6437803837746455,0.654807265608033,0.014638161906878444,142
0.9471405029296875,0.21809390467320214,0.05553169250488281,0.0103667296719584,0.1,0.1,255,3,200,10,"{'l2_regularization': 0.1, 'learning_rate': 0.1, 'max_bins': 255, 'max_depth': 3, 'max_iter': 200, 'min_samples_leaf': 10}",0.6558536697592133,0.6371702454638906,0.6799355609517354,0.6572964680906804,0.6437803837746455,0.654807265608033,0.014638161906878444,142
1.379930305480957,0.1657396455603967,0.0806884765625,0.010155227171163747,0.01,0.06,255,3,200,10,"{'l2_regularization': 0.01, 'learning_rate': 0.06, 'max_bins': 255, 'max_depth': 3, 'max_iter': 200, 'min_samples_leaf': 10}",0.6576505888421549,0.6372151244664607,0.6749335979720776,0.6566706168603041,0.6467545402992507,0.6546448936880496,0.012576357270471742,145
2.2276841163635255,0.4270885645872284,0.15501303672790528,0.06517166675103643,0.0,0.03,255,5,200,10,"{'l2_regularization': 0.0, 'learning_rate': 0.03, 'max_bins': 255, 'max_depth': 5, 'max_iter': 200, 'min_samples_leaf': 10}",0.6573757231872844,0.6371860137620908,0.6785754099234732,0.6647036870089574,0.6341757181839827,0.6544033104131577,0.016761946079213514,146
4.90564923286438,0.5180830166183374,0.16649065017700196,0.05069910954222648,0.0,0.03,255,5,400,10,"{'l2_regularization': 0.0, 'learning_rate': 0.03, 'max_bins': 255, 'max_depth': 5, 'max_iter': 400, 'min_samples_leaf': 10}",0.6573757231872844,0.6371860137620908,0.6785754099234732,0.6647036870089574,0.6341757181839827,0.6544033104131577,0.016761946079213514,146
2.0673264503479003,0.2546833462742304,0.10451130867004395,0.01309836327565757,0.0,0.03,255,5,800,10,"{'l2_regularization': 0.0, 'learning_rate': 0.03, 'max_bins': 255, 'max_depth': 5, 'max_iter': 800, 'min_samples_leaf': 10}",0.6573757231872844,0.6371860137620908,0.6785754099234732,0.6647036870089574,0.6341757181839827,0.6544033104131577,0.016761946079213514,146
2.1247847080230713,0.4985220981697446,0.11972565650939941,0.031127511564828837,0.0,0.03,255,3,400,10,"{'l2_regularization': 0.0, 'learning_rate': 0.03, 'max_bins': 255, 'max_depth': 3, 'max_iter': 400, 'min_samples_leaf': 10}",0.6587306776709851,0.6359676094896098,0.6794817733703686,0.6564203975397376,0.6408304615668023,0.6542861839275007,0.015334619352542364,149
1.9709801197052002,0.48769697391992733,0.11665401458740235,0.033241683552903,0.0,0.03,255,3,800,10,"{'l2_regularization': 0.0, 'learning_rate': 0.03, 'max_bins': 255, 'max_depth': 3, 'max_iter': 800, 'min_samples_leaf': 10}",0.6587306776709851,0.6359676094896098,0.6794817733703686,0.6564203975397376,0.6408304615668023,0.6542861839275007,0.015334619352542364,149
1.368797206878662,0.21310073759724318,0.08317828178405762,0.013550315456285475,0.01,0.06,255,3,800,10,"{'l2_regularization': 0.01, 'learning_rate': 0.06, 'max_bins': 255, 'max_depth': 3, 'max_iter': 800, 'min_samples_leaf': 10}",0.6576505888421549,0.6372151244664607,0.6749335979720776,0.6547524706885993,0.6467545402992507,0.6542612644537086,0.012537910292117824,151
1.3783006191253662,0.20781652035379042,0.08098187446594238,0.011574012261570815,0.01,0.06,255,3,400,10,"{'l2_regularization': 0.01, 'learning_rate': 0.06, 'max_bins': 255, 'max_depth': 3, 'max_iter': 400, 'min_samples_leaf': 10}",0.6576505888421549,0.6372151244664607,0.6749335979720776,0.6547524706885993,0.6467545402992507,0.6542612644537086,0.012537910292117824,151
0.8188348770141601,0.13480232430999728,0.04571652412414551,0.0078013371539890925,0.0,0.1,255,5,200,25,"{'l2_regularization': 0.0, 'learning_rate': 0.1, 'max_bins': 255, 'max_depth': 5, 'max_iter': 200, 'min_samples_leaf': 25}",0.6550538954638744,0.631567647818704,0.6878850227075599,0.6635664916949049,0.6323399686892681,0.6540826052748623,0.021038804554915736,153
0.8043454170227051,0.13637557352368307,0.04858765602111816,0.009391041067682493,0.0,0.1,255,5,400,25,"{'l2_regularization': 0.0, 'learning_rate': 0.1, 'max_bins': 255, 'max_depth': 5, 'max_iter': 400, 'min_samples_leaf': 25}",0.6550538954638744,0.631567647818704,0.6878850227075599,0.6635664916949049,0.6323399686892681,0.6540826052748623,0.021038804554915736,153
0.8005483627319336,0.1378113292344657,0.04587464332580567,0.008193308008369553,0.0,0.1,255,5,800,25,"{'l2_regularization': 0.0, 'learning_rate': 0.1, 'max_bins': 255, 'max_depth': 5, 'max_iter': 800, 'min_samples_leaf': 25}",0.6550538954638744,0.631567647818704,0.6878850227075599,0.6635664916949049,0.6323399686892681,0.6540826052748623,0.021038804554915736,153
0.846306848526001,0.12073552004119265,0.044601058959960936,0.005109602860589545,0.1,0.1,255,7,200,25,"{'l2_regularization': 0.1, 'learning_rate': 0.1, 'max_bins': 255, 'max_depth': 7, 'max_iter': 200, 'min_samples_leaf': 25}",0.6555630628994384,0.6407739080756787,0.6802524246433972,0.6578326523490376,0.6350402774344636,0.6538924650804031,0.015752237668797905,156
0.8521557331085206,0.07618133981931659,0.040607357025146486,0.004367803469424509,0.1,0.1,255,7,800,25,"{'l2_regularization': 0.1, 'learning_rate': 0.1, 'max_bins': 255, 'max_depth': 7, 'max_iter': 800, 'min_samples_leaf': 25}",0.6555630628994384,0.6407739080756787,0.6802524246433972,0.6578326523490376,0.6350402774344636,0.6538924650804031,0.015752237668797905,156
0.8733968257904052,0.1326593409836414,0.04990863800048828,0.008851913218904944,0.1,0.1,255,7,400,25,"{'l2_regularization': 0.1, 'learning_rate': 0.1, 'max_bins': 255, 'max_depth': 7, 'max_iter': 400, 'min_samples_leaf': 25}",0.6555630628994384,0.6407739080756787,0.6802524246433972,0.6578326523490376,0.6350402774344636,0.6538924650804031,0.015752237668797905,156
0.9102551937103271,0.09638765237493992,0.05628981590270996,0.004996431276254199,0.1,0.1,255,3,200,50,"{'l2_regularization': 0.1, 'learning_rate': 0.1, 'max_bins': 255, 'max_depth': 3, 'max_iter': 200, 'min_samples_leaf': 50}",0.6582130342020109,0.6370980751759734,0.6817682811568545,0.6523775076459323,0.639210397491269,0.6537334591344081,0.016096656559612628,159
0.9174615859985351,0.09376794612810008,0.05842366218566895,0.005595684442816754,0.1,0.1,255,3,400,50,"{'l2_regularization': 0.1, 'learning_rate': 0.1, 'max_bins': 255, 'max_depth': 3, 'max_iter': 400, 'min_samples_leaf': 50}",0.6582130342020109,0.6370980751759734,0.6817682811568545,0.6523775076459323,0.639210397491269,0.6537334591344081,0.016096656559612628,159
0.9209193706512451,0.09433079445518622,0.05953478813171387,0.005614942727811121,0.1,0.1,255,3,800,50,"{'l2_regularization': 0.1, 'learning_rate': 0.1, 'max_bins': 255, 'max_depth': 3, 'max_iter': 800, 'min_samples_leaf': 50}",0.6582130342020109,0.6370980751759734,0.6817682811568545,0.6523775076459323,0.639210397491269,0.6537334591344081,0.016096656559612628,159
1.23896164894104,0.12553018002152824,0.07827992439270019,0.008324309589905439,0.01,0.06,255,3,800,25,"{'l2_regularization': 0.01, 'learning_rate': 0.06, 'max_bins': 255, 'max_depth': 3, 'max_iter': 800, 'min_samples_leaf': 25}",0.6545913462120659,0.6399757895975378,0.6703599765411865,0.6604511702751618,0.6429661107314455,0.6536688786714795,0.011202616692738128,162
1.2391676902770996,0.12119135204046626,0.07675056457519532,0.007830903855404437,0.01,0.06,255,3,200,25,"{'l2_regularization': 0.01, 'learning_rate': 0.06, 'max_bins': 255, 'max_depth': 3, 'max_iter': 200, 'min_samples_leaf': 25}",0.6545913462120659,0.6399757895975378,0.6703599765411865,0.6604511702751618,0.6429661107314455,0.6536688786714795,0.011202616692738128,162
1.2309257984161377,0.12054368488710762,0.07443914413452149,0.007945105179138172,0.01,0.06,255,3,400,25,"{'l2_regularization': 0.01, 'learning_rate': 0.06, 'max_bins': 255, 'max_depth': 3, 'max_iter': 400, 'min_samples_leaf': 25}",0.6545913462120659,0.6399757895975378,0.6703599765411865,0.6604511702751618,0.6429661107314455,0.6536688786714795,0.011202616692738128,162
1.8417423248291016,0.29862115505352405,0.11750388145446777,0.017439296917351594,0.01,0.03,255,3,400,50,"{'l2_regularization': 0.01, 'learning_rate': 0.03, 'max_bins': 255, 'max_depth': 3, 'max_iter': 400, 'min_samples_leaf': 50}",0.6586737671609458,0.6399836737466379,0.6794720796436639,0.6477354242701889,0.6419652334491787,0.653566035654123,0.01449322070644356,165
1.8873648166656494,0.3003493854097461,0.12238187789916992,0.01888852579122009,0.01,0.03,255,3,800,50,"{'l2_regularization': 0.01, 'learning_rate': 0.03, 'max_bins': 255, 'max_depth': 3, 'max_iter': 800, 'min_samples_leaf': 50}",0.6586737671609458,0.6399836737466379,0.6794720796436639,0.6477354242701889,0.6419652334491787,0.653566035654123,0.01449322070644356,165
1.0771517753601074,0.13318161589444855,0.0689152717590332,0.007819919488287834,0.1,0.06,255,3,200,50,"{'l2_regularization': 0.1, 'learning_rate': 0.06, 'max_bins': 255, 'max_depth': 3, 'max_iter': 200, 'min_samples_leaf': 50}",0.6575410058387816,0.6397902088571799,0.6746276397229585,0.6510325030656465,0.6444177463054838,0.65348182075801,0.012159272038245962,167
1.0939680576324462,0.15539798923091325,0.06814031600952149,0.009776170231272236,0.1,0.06,255,3,800,50,"{'l2_regularization': 0.1, 'learning_rate': 0.06, 'max_bins': 255, 'max_depth': 3, 'max_iter': 800, 'min_samples_leaf': 50}",0.6575410058387816,0.6397902088571799,0.6746276397229585,0.6510325030656465,0.6444177463054838,0.65348182075801,0.012159272038245962,167
1.0774210929870605,0.1452604163808642,0.06697373390197754,0.008624924534016176,0.1,0.06,255,3,400,50,"{'l2_regularization': 0.1, 'learning_rate': 0.06, 'max_bins': 255, 'max_depth': 3, 'max_iter': 400, 'min_samples_leaf': 50}",0.6575410058387816,0.6397902088571799,0.6746276397229585,0.6510325030656465,0.6444177463054838,0.65348182075801,0.012159272038245962,167
0.9015135765075684,0.16540668409939624,0.06067657470703125,0.012851468093352166,0.0,0.1,255,3,800,25,"{'l2_regularization': 0.0, 'learning_rate': 0.1, 'max_bins': 255, 'max_depth': 3, 'max_iter': 800, 'min_samples_leaf': 25}",0.6539865206851596,0.6375426198906219,0.6744755693852775,0.6524901972188751,0.6484830529422938,0.6533955920244455,0.012008198430061472,170
0.9098092555999756,0.17060614249224917,0.05759925842285156,0.010873167573674854,0.0,0.1,255,3,400,25,"{'l2_regularization': 0.0, 'learning_rate': 0.1, 'max_bins': 255, 'max_depth': 3, 'max_iter': 400, 'min_samples_leaf': 25}",0.6539865206851596,0.6375426198906219,0.6744755693852775,0.6524901972188751,0.6484830529422938,0.6533955920244455,0.012008198430061472,170
0.9036985397338867,0.16410672357686423,0.05612368583679199,0.008597370505001667,0.0,0.1,255,3,200,25,"{'l2_regularization': 0.0, 'learning_rate': 0.1, 'max_bins': 255, 'max_depth': 3, 'max_iter': 200, 'min_samples_leaf': 25}",0.6539865206851596,0.6375426198906219,0.6744755693852775,0.6524901972188751,0.6484830529422938,0.6533955920244455,0.012008198430061472,170
1.8023762226104736,0.5030199281247013,0.09598865509033203,0.02895158230588,0.01,0.03,255,5,800,25,"{'l2_regularization': 0.01, 'learning_rate': 0.03, 'max_bins': 255, 'max_depth': 5, 'max_iter': 800, 'min_samples_leaf': 25}",0.6513607666209015,0.6391643287132273,0.6853113382674454,0.6654331399434908,0.6256379683887626,0.6533815083867656,0.020691406265225077,173
1.8133585453033447,0.5069159821901341,0.09819989204406739,0.02984978954835345,0.01,0.03,255,5,200,25,"{'l2_regularization': 0.01, 'learning_rate': 0.03, 'max_bins': 255, 'max_depth': 5, 'max_iter': 200, 'min_samples_leaf': 25}",0.6513607666209015,0.6391643287132273,0.6853113382674454,0.6654331399434908,0.6256379683887626,0.6533815083867656,0.020691406265225077,173
1.8037164688110352,0.49650086644067,0.10021839141845704,0.030004061421805003,0.01,0.03,255,5,400,25,"{'l2_regularization': 0.01, 'learning_rate': 0.03, 'max_bins': 255, 'max_depth': 5, 'max_iter': 400, 'min_samples_leaf': 25}",0.6513607666209015,0.6391643287132273,0.6853113382674454,0.6654331399434908,0.6256379683887626,0.6533815083867656,0.020691406265225077,173
0.8844934463500976,0.08116350396722517,0.053252458572387695,0.005648778479938766,0.1,0.1,255,3,200,25,"{'l2_regularization': 0.1, 'learning_rate': 0.1, 'max_bins': 255, 'max_depth': 3, 'max_iter': 200, 'min_samples_leaf': 25}",0.6580041605215478,0.6361683520551604,0.673910303946806,0.6548427435185373,0.6437373678623931,0.6533325855808889,0.012916855640293512,176
0.8704455852508545,0.08787510414437594,0.055414676666259766,0.006868177838574219,0.1,0.1,255,3,800,25,"{'l2_regularization': 0.1, 'learning_rate': 0.1, 'max_bins': 255, 'max_depth': 3, 'max_iter': 800, 'min_samples_leaf': 25}",0.6580041605215478,0.6361683520551604,0.673910303946806,0.6548427435185373,0.6437373678623931,0.6533325855808889,0.012916855640293512,176
0.8619220733642579,0.07974740951161265,0.055059623718261716,0.0073715385051686955,0.1,0.1,255,3,400,25,"{'l2_regularization': 0.1, 'learning_rate': 0.1, 'max_bins': 255, 'max_depth': 3, 'max_iter': 400, 'min_samples_leaf': 25}",0.6580041605215478,0.6361683520551604,0.673910303946806,0.6548427435185373,0.6437373678623931,0.6533325855808889,0.012916855640293512,176
1.927394485473633,0.39085660620253254,0.11965632438659668,0.025729754647872066,0.1,0.03,255,3,400,50,"{'l2_regularization': 0.1, 'learning_rate': 0.03, 'max_bins': 255, 'max_depth': 3, 'max_iter': 400, 'min_samples_leaf': 50}",0.6592156278682345,0.6384753753764735,0.6741429533877205,0.6496402415676749,0.6450375389566696,0.6533023474313546,0.012416560884157471,179
1.965749740600586,0.3759456832790829,0.11933941841125488,0.02521507076755925,0.1,0.03,255,3,800,50,"{'l2_regularization': 0.1, 'learning_rate': 0.03, 'max_bins': 255, 'max_depth': 3, 'max_iter': 800, 'min_samples_leaf': 50}",0.6592156278682345,0.6384753753764735,0.6741429533877205,0.6496402415676749,0.6450375389566696,0.6533023474313546,0.012416560884157471,179
0.7453860759735107,0.07430294530541316,0.046375608444213866,0.0031905312602698585,0.0,0.1,255,3,800,10,"{'l2_regularization': 0.0, 'learning_rate': 0.1, 'max_bins': 255, 'max_depth': 3, 'max_iter': 800, 'min_samples_leaf': 10}",0.6568035909321026,0.6378773929908756,0.6740302638147775,0.6531511882085561,0.6440112156418027,0.653174730317623,0.012378214665640796,181
0.7733804702758789,0.0746955522223727,0.04556293487548828,0.005096196001510049,0.0,0.1,255,3,200,10,"{'l2_regularization': 0.0, 'learning_rate': 0.1, 'max_bins': 255, 'max_depth': 3, 'max_iter': 200, 'min_samples_leaf': 10}",0.6568035909321026,0.6378773929908756,0.6740302638147775,0.6531511882085561,0.6440112156418027,0.653174730317623,0.012378214665640796,181
0.7429852485656738,0.07140282991558287,0.046900606155395506,0.004494779494024648,0.0,0.1,255,3,400,10,"{'l2_regularization': 0.0, 'learning_rate': 0.1, 'max_bins': 255, 'max_depth': 3, 'max_iter': 400, 'min_samples_leaf': 10}",0.6568035909321026,0.6378773929908756,0.6740302638147775,0.6531511882085561,0.6440112156418027,0.653174730317623,0.012378214665640796,181
0.7484031677246094,0.14897623406897958,0.046326208114624026,0.009063490516646818,0.01,0.1,255,3,200,10,"{'l2_regularization': 0.01, 'learning_rate': 0.1, 'max_bins': 255, 'max_depth': 3, 'max_iter': 200, 'min_samples_leaf': 10}",0.6493150154142775,0.6376166095975621,0.6755146157164444,0.6520230807632893,0.6509610118311988,0.6530860666645545,0.012346744827069428,184
0.7471119880676269,0.17140564935348337,0.04900846481323242,0.012749946378920962,0.01,0.1,255,3,400,10,"{'l2_regularization': 0.01, 'learning_rate': 0.1, 'max_bins': 255, 'max_depth': 3, 'max_iter': 400, 'min_samples_leaf': 10}",0.6493150154142775,0.6376166095975621,0.6755146157164444,0.6520230807632893,0.6509610118311988,0.6530860666645545,0.012346744827069428,184
0.8433005809783936,0.19194949462391475,0.05270853042602539,0.01223100839376455,0.01,0.1,255,3,800,10,"{'l2_regularization': 0.01, 'learning_rate': 0.1, 'max_bins': 255, 'max_depth': 3, 'max_iter': 800, 'min_samples_leaf': 10}",0.6493150154142775,0.6376166095975621,0.6755146157164444,0.6520230807632893,0.6509610118311988,0.6530860666645545,0.012346744827069428,184
2.0622959613800047,0.2816572391985669,0.12581562995910645,0.018863271039535633,0.01,0.03,255,3,400,10,"{'l2_regularization': 0.01, 'learning_rate': 0.03, 'max_bins': 255, 'max_depth': 3, 'max_iter': 400, 'min_samples_leaf': 10}",0.6570306275413018,0.6358287271708452,0.6743065350258632,0.6514971960895559,0.6467018306602936,0.6530729832975719,0.012704060198019769,187
2.0645671844482423,0.2802470004165266,0.12316932678222656,0.017910222040770665,0.01,0.03,255,3,800,10,"{'l2_regularization': 0.01, 'learning_rate': 0.03, 'max_bins': 255, 'max_depth': 3, 'max_iter': 800, 'min_samples_leaf': 10}",0.6570306275413018,0.6358287271708452,0.6743065350258632,0.6514971960895559,0.6467018306602936,0.6530729832975719,0.012704060198019769,187
1.1945581436157227,0.1460324760837269,0.07284770011901856,0.007776031112694749,0.01,0.1,255,3,800,25,"{'l2_regularization': 0.01, 'learning_rate': 0.1, 'max_bins': 255, 'max_depth': 3, 'max_iter': 800, 'min_samples_leaf': 25}",0.6525679959508831,0.6405677072530588,0.6801457936496447,0.6526228801031466,0.6394581933801594,0.6530725140673785,0.014663826907114744,189
1.065158224105835,0.13836955241625343,0.0736891746520996,0.010262192924669334,0.01,0.1,255,3,400,25,"{'l2_regularization': 0.01, 'learning_rate': 0.1, 'max_bins': 255, 'max_depth': 3, 'max_iter': 400, 'min_samples_leaf': 25}",0.6525679959508831,0.6405677072530588,0.6801457936496447,0.6526228801031466,0.6394581933801594,0.6530725140673785,0.014663826907114744,189
1.0236449718475342,0.12124125169905205,0.06257767677307129,0.0055587399722114425,0.01,0.1,255,3,200,25,"{'l2_regularization': 0.01, 'learning_rate': 0.1, 'max_bins': 255, 'max_depth': 3, 'max_iter': 200, 'min_samples_leaf': 25}",0.6525679959508831,0.6405677072530588,0.6801457936496447,0.6526228801031466,0.6394581933801594,0.6530725140673785,0.014663826907114744,189
1.2353731632232665,0.2718099880489121,0.06912779808044434,0.0158730913946028,0.1,0.06,255,5,400,25,"{'l2_regularization': 0.1, 'learning_rate': 0.06, 'max_bins': 255, 'max_depth': 5, 'max_iter': 400, 'min_samples_leaf': 25}",0.6596703065175906,0.6394530098648953,0.6736915892380299,0.6636095076071573,0.6289186890204057,0.6530686204496157,0.0164231753463593,192
1.227494192123413,0.27127416881771427,0.0692366123199463,0.01537202481575832,0.1,0.06,255,5,800,25,"{'l2_regularization': 0.1, 'learning_rate': 0.06, 'max_bins': 255, 'max_depth': 5, 'max_iter': 800, 'min_samples_leaf': 25}",0.6596703065175906,0.6394530098648953,0.6736915892380299,0.6636095076071573,0.6289186890204057,0.6530686204496157,0.0164231753463593,192
1.2597954750061036,0.2735065706774486,0.07112770080566407,0.016430528955684375,0.1,0.06,255,5,200,25,"{'l2_regularization': 0.1, 'learning_rate': 0.06, 'max_bins': 255, 'max_depth': 5, 'max_iter': 200, 'min_samples_leaf': 25}",0.6596703065175906,0.6394530098648953,0.6736915892380299,0.6636095076071573,0.6289186890204057,0.6530686204496157,0.0164231753463593,192
1.2643026828765869,0.07535214177021203,0.07639660835266113,0.004561019675045881,0.0,0.06,255,3,400,10,"{'l2_regularization': 0.0, 'learning_rate': 0.06, 'max_bins': 255, 'max_depth': 3, 'max_iter': 400, 'min_samples_leaf': 10}",0.6564469920979205,0.6404027465949627,0.6767142143961588,0.6474034141305508,0.6440687721441123,0.653007227872741,0.012992496723093796,195
1.2585235595703126,0.06877155390313465,0.0762894630432129,0.0034365633395133125,0.0,0.06,255,3,800,10,"{'l2_regularization': 0.0, 'learning_rate': 0.06, 'max_bins': 255, 'max_depth': 3, 'max_iter': 800, 'min_samples_leaf': 10}",0.6564469920979205,0.6404027465949627,0.6767142143961588,0.6474034141305508,0.6440687721441123,0.653007227872741,0.012992496723093796,195
1.29543194770813,0.08614626689112213,0.07515544891357422,0.004955128989821097,0.0,0.06,255,3,200,10,"{'l2_regularization': 0.0, 'learning_rate': 0.06, 'max_bins': 255, 'max_depth': 3, 'max_iter': 200, 'min_samples_leaf': 10}",0.6564469920979205,0.6404027465949627,0.6767142143961588,0.6474034141305508,0.6440687721441123,0.653007227872741,0.012992496723093796,195
1.907216453552246,0.19812184578642036,0.11593422889709473,0.010604573586896607,0.01,0.03,255,3,400,25,"{'l2_regularization': 0.01, 'learning_rate': 0.03, 'max_bins': 255, 'max_depth': 3, 'max_iter': 400, 'min_samples_leaf': 25}",0.6558445882948453,0.6377209229548875,0.6687399124656531,0.6551989879749374,0.6454755742321411,0.6525959971844929,0.01048735583661895,198
1.9003061294555663,0.20634177021735153,0.11569323539733886,0.015046548281619318,0.01,0.03,255,3,800,25,"{'l2_regularization': 0.01, 'learning_rate': 0.03, 'max_bins': 255, 'max_depth': 3, 'max_iter': 800, 'min_samples_leaf': 25}",0.6558445882948453,0.6377209229548875,0.6687399124656531,0.6551989879749374,0.6454755742321411,0.6525959971844929,0.01048735583661895,198
2.020332622528076,0.15617278236074128,0.1275465488433838,0.011408076359254187,0.0,0.03,255,3,400,50,"{'l2_regularization': 0.0, 'learning_rate': 0.03, 'max_bins': 255, 'max_depth': 3, 'max_iter': 400, 'min_samples_leaf': 50}",0.6579853921618539,0.6366147161888319,0.6767899466360398,0.6518613166989037,0.6393739791294119,0.6525250701630082,0.01445773477555315,200
2.0245859622955322,0.1636393047782569,0.12867355346679688,0.008174489246918505,0.0,0.03,255,3,800,50,"{'l2_regularization': 0.0, 'learning_rate': 0.03, 'max_bins': 255, 'max_depth': 3, 'max_iter': 800, 'min_samples_leaf': 50}",0.6579853921618539,0.6366147161888319,0.6767899466360398,0.6518613166989037,0.6393739791294119,0.6525250701630082,0.01445773477555315,200
1.8488552570343018,0.17470082322730676,0.11148643493652344,0.009348313843985653,0.1,0.03,255,3,400,10,"{'l2_regularization': 0.1, 'learning_rate': 0.03, 'max_bins': 255, 'max_depth': 3, 'max_iter': 400, 'min_samples_leaf': 10}",0.6552258378559078,0.6381284728160657,0.6727058584037392,0.6530033588763084,0.6432841861389456,0.6524695428181934,0.01189476907323186,202
1.8988832473754882,0.19352486776387942,0.11589546203613281,0.014612730622865357,0.1,0.03,255,3,800,10,"{'l2_regularization': 0.1, 'learning_rate': 0.03, 'max_bins': 255, 'max_depth': 3, 'max_iter': 800, 'min_samples_leaf': 10}",0.6552258378559078,0.6381284728160657,0.6727058584037392,0.6530033588763084,0.6432841861389456,0.6524695428181934,0.01189476907323186,202
1.2003864288330077,0.13614906243305358,0.07464394569396973,0.007863848209681445,0.0,0.06,255,3,400,25,"{'l2_regularization': 0.0, 'learning_rate': 0.06, 'max_bins': 255, 'max_depth': 3, 'max_iter': 400, 'min_samples_leaf': 25}",0.6545974005216446,0.640721751397016,0.6703466476669675,0.6511342871960464,0.6450829783005982,0.6523766130164546,0.010182635441421856,204
1.2030194759368897,0.1451197377194357,0.07551035881042481,0.008899694002342456,0.0,0.06,255,3,800,25,"{'l2_regularization': 0.0, 'learning_rate': 0.06, 'max_bins': 255, 'max_depth': 3, 'max_iter': 800, 'min_samples_leaf': 25}",0.6545974005216446,0.640721751397016,0.6703466476669675,0.6511342871960464,0.6450829783005982,0.6523766130164546,0.010182635441421856,204
1.2123844146728515,0.13507593959827388,0.07220115661621093,0.008983017245472227,0.0,0.06,255,3,200,25,"{'l2_regularization': 0.0, 'learning_rate': 0.06, 'max_bins': 255, 'max_depth': 3, 'max_iter': 200, 'min_samples_leaf': 25}",0.6545974005216446,0.640721751397016,0.6703466476669675,0.6511342871960464,0.6450829783005982,0.6523766130164546,0.010182635441421856,204
1.0787588596343993,0.16921067090635475,0.0693140983581543,0.00922365469128738,0.0,0.06,255,3,800,50,"{'l2_regularization': 0.0, 'learning_rate': 0.06, 'max_bins': 255, 'max_depth': 3, 'max_iter': 800, 'min_samples_leaf': 50}",0.6594287395654028,0.6351118760757368,0.6795835575007686,0.6497880708999225,0.6376315317542307,0.6523087551592123,0.016199483985249705,207
1.0640324592590331,0.15210846188555796,0.06490793228149414,0.008533442472773633,0.0,0.06,255,3,400,50,"{'l2_regularization': 0.0, 'learning_rate': 0.06, 'max_bins': 255, 'max_depth': 3, 'max_iter': 400, 'min_samples_leaf': 50}",0.6594287395654028,0.6351118760757368,0.6795835575007686,0.6497880708999225,0.6376315317542307,0.6523087551592123,0.016199483985249705,207
1.0801712036132813,0.15337180220959634,0.06569104194641114,0.009714943567340192,0.0,0.06,255,3,200,50,"{'l2_regularization': 0.0, 'learning_rate': 0.06, 'max_bins': 255, 'max_depth': 3, 'max_iter': 200, 'min_samples_leaf': 50}",0.6594287395654028,0.6351118760757368,0.6795835575007686,0.6497880708999225,0.6376315317542307,0.6523087551592123,0.016199483985249705,207
1.1751031875610352,0.13288302000856814,0.0713508129119873,0.007594214644584239,0.1,0.06,255,3,400,25,"{'l2_regularization': 0.1, 'learning_rate': 0.06, 'max_bins': 255, 'max_depth': 3, 'max_iter': 400, 'min_samples_leaf': 25}",0.654484184932524,0.6351470515101839,0.6750674925721871,0.6520339862058322,0.6439875871829599,0.6521440604807374,0.013314641626792557,210
1.1892725467681884,0.13347784120243625,0.07434186935424805,0.006512792068911532,0.1,0.06,255,3,800,25,"{'l2_regularization': 0.1, 'learning_rate': 0.06, 'max_bins': 255, 'max_depth': 3, 'max_iter': 800, 'min_samples_leaf': 25}",0.654484184932524,0.6351470515101839,0.6750674925721871,0.6520339862058322,0.6439875871829599,0.6521440604807374,0.013314641626792557,210
1.1980649471282958,0.11980464152477402,0.07300872802734375,0.008492439325118437,0.1,0.06,255,3,200,25,"{'l2_regularization': 0.1, 'learning_rate': 0.06, 'max_bins': 255, 'max_depth': 3, 'max_iter': 200, 'min_samples_leaf': 25}",0.654484184932524,0.6351470515101839,0.6750674925721871,0.6520339862058322,0.6439875871829599,0.6521440604807374,0.013314641626792557,210
0.7870516300201416,0.09610163758227776,0.0461979866027832,0.0048186247519616246,0.1,0.1,255,5,800,25,"{'l2_regularization': 0.1, 'learning_rate': 0.1, 'max_bins': 255, 'max_depth': 5, 'max_iter': 800, 'min_samples_leaf': 25}",0.6540942873956592,0.6345333008263854,0.6806516850120496,0.6656706362477575,0.6251690343594197,0.6520237887682543,0.020185018488195157,213
0.7748673915863037,0.09138048498067111,0.046387338638305665,0.004045800076498892,0.1,0.1,255,5,200,25,"{'l2_regularization': 0.1, 'learning_rate': 0.1, 'max_bins': 255, 'max_depth': 5, 'max_iter': 200, 'min_samples_leaf': 25}",0.6540942873956592,0.6345333008263854,0.6806516850120496,0.6656706362477575,0.6251690343594197,0.6520237887682543,0.020185018488195157,213
0.7792046546936036,0.0932026746762773,0.04728374481201172,0.004411520787941756,0.1,0.1,255,5,400,25,"{'l2_regularization': 0.1, 'learning_rate': 0.1, 'max_bins': 255, 'max_depth': 5, 'max_iter': 400, 'min_samples_leaf': 25}",0.6540942873956592,0.6345333008263854,0.6806516850120496,0.6656706362477575,0.6251690343594197,0.6520237887682543,0.020185018488195157,213
1.0315686225891114,0.1595260247201856,0.06486659049987793,0.008654559808456943,0.01,0.06,255,3,200,50,"{'l2_regularization': 0.01, 'learning_rate': 0.06, 'max_bins': 255, 'max_depth': 3, 'max_iter': 200, 'min_samples_leaf': 50}",0.6594263178415712,0.6351155149137833,0.6797713734556734,0.6497989763424653,0.6347749116659208,0.6517774188438828,0.0168094359115811,216
1.0224053382873535,0.15244051607618833,0.06513628959655762,0.01065975099244551,0.01,0.06,255,3,400,50,"{'l2_regularization': 0.01, 'learning_rate': 0.06, 'max_bins': 255, 'max_depth': 3, 'max_iter': 400, 'min_samples_leaf': 50}",0.6594263178415712,0.6351155149137833,0.6797713734556734,0.6497989763424653,0.6347749116659208,0.6517774188438828,0.0168094359115811,216
1.0518483638763427,0.15904373344917427,0.06815686225891113,0.010229467277591482,0.01,0.06,255,3,800,50,"{'l2_regularization': 0.01, 'learning_rate': 0.06, 'max_bins': 255, 'max_depth': 3, 'max_iter': 800, 'min_samples_leaf': 50}",0.6594263178415712,0.6351155149137833,0.6797713734556734,0.6497989763424653,0.6347749116659208,0.6517774188438828,0.0168094359115811,216
3.5977603435516357,0.7359942674941663,0.10891842842102051,0.018689500267723695,0.0,0.03,255,5,400,25,"{'l2_regularization': 0.0, 'learning_rate': 0.03, 'max_bins': 255, 'max_depth': 5, 'max_iter': 400, 'min_samples_leaf': 25}",0.6501256874668581,0.6415289669702725,0.6727615973322917,0.6654331399434908,0.6285884964545249,0.6516875776334875,0.015951546710557422,219
1.6755102634429933,0.43962223823621227,0.08926854133605958,0.024384512572053447,0.0,0.03,255,5,800,25,"{'l2_regularization': 0.0, 'learning_rate': 0.03, 'max_bins': 255, 'max_depth': 5, 'max_iter': 800, 'min_samples_leaf': 25}",0.6501256874668581,0.6415289669702725,0.6727615973322917,0.6654331399434908,0.6285884964545249,0.6516875776334875,0.015951546710557422,219
2.336934280395508,0.9273486675151967,0.20533208847045897,0.09326919328683059,0.0,0.03,255,5,200,25,"{'l2_regularization': 0.0, 'learning_rate': 0.03, 'max_bins': 255, 'max_depth': 5, 'max_iter': 200, 'min_samples_leaf': 25}",0.6501256874668581,0.6415289669702725,0.6727615973322917,0.6654331399434908,0.6285884964545249,0.6516875776334875,0.015951546710557422,219
1.0735716342926025,0.28143306474130597,0.055535316467285156,0.015016753691479102,0.01,0.1,255,5,800,10,"{'l2_regularization': 0.01, 'learning_rate': 0.1, 'max_bins': 255, 'max_depth': 5, 'max_iter': 800, 'min_samples_leaf': 10}",0.6571250747707286,0.6347831677055603,0.6884242362555123,0.6444486450593552,0.6327471052108682,0.6515056458004049,0.020375895962069936,222
1.1398436546325683,0.28611159536024616,0.057364034652709964,0.013028126299590588,0.01,0.1,255,5,200,10,"{'l2_regularization': 0.01, 'learning_rate': 0.1, 'max_bins': 255, 'max_depth': 5, 'max_iter': 200, 'min_samples_leaf': 10}",0.6571250747707286,0.6347831677055603,0.6884242362555123,0.6444486450593552,0.6327471052108682,0.6515056458004049,0.020375895962069936,222
1.0501858234405517,0.2959184072855463,0.054665422439575194,0.013308272283839451,0.01,0.1,255,5,400,10,"{'l2_regularization': 0.01, 'learning_rate': 0.1, 'max_bins': 255, 'max_depth': 5, 'max_iter': 400, 'min_samples_leaf': 10}",0.6571250747707286,0.6347831677055603,0.6884242362555123,0.6444486450593552,0.6327471052108682,0.6515056458004049,0.020375895962069936,222
1.643466329574585,0.01693687697405108,0.09525642395019532,0.002168447197026691,0.1,0.03,255,3,200,10,"{'l2_regularization': 0.1, 'learning_rate': 0.03, 'max_bins': 255, 'max_depth': 3, 'max_iter': 200, 'min_samples_leaf': 10}",0.6562356966936257,0.639175245227366,0.6676911724077814,0.6489507752557985,0.6431218162166408,0.6510349411602425,0.010120193466531098,225
1.1536683559417724,0.2798289082291177,0.06729307174682617,0.015466326499243076,0.1,0.06,255,3,200,10,"{'l2_regularization': 0.1, 'learning_rate': 0.06, 'max_bins': 255, 'max_depth': 3, 'max_iter': 200, 'min_samples_leaf': 10}",0.657815871493652,0.6370149883739178,0.6601985275229189,0.6495172524101082,0.6496638700265176,0.6508421019654229,0.008130297507032312,226
1.1054228305816651,0.2715664289236312,0.06940388679504395,0.01595225701056803,0.1,0.06,255,3,400,10,"{'l2_regularization': 0.1, 'learning_rate': 0.06, 'max_bins': 255, 'max_depth': 3, 'max_iter': 400, 'min_samples_leaf': 10}",0.657815871493652,0.6370149883739178,0.6601985275229189,0.6495172524101082,0.6496638700265176,0.6508421019654229,0.008130297507032312,226
1.1299379825592042,0.2820238468004611,0.06868467330932618,0.01791139571835169,0.1,0.06,255,3,800,10,"{'l2_regularization': 0.1, 'learning_rate': 0.06, 'max_bins': 255, 'max_depth': 3, 'max_iter': 800, 'min_samples_leaf': 10}",0.657815871493652,0.6370149883739178,0.6601985275229189,0.6495172524101082,0.6496638700265176,0.6508421019654229,0.008130297507032312,226
1.5818933486938476,0.012847430227911022,0.0961756706237793,0.001445076937871756,0.01,0.03,255,3,200,25,"{'l2_regularization': 0.01, 'learning_rate': 0.03, 'max_bins': 255, 'max_depth': 3, 'max_iter': 200, 'min_samples_leaf': 25}",0.6558445882948453,0.6399042257826285,0.6677026837082435,0.6534001958132847,0.6372056136371401,0.6508114614472283,0.011148400651462232,229
1.9989396572113036,0.4767096595803645,0.11699085235595703,0.031271726691724164,0.1,0.03,255,3,800,25,"{'l2_regularization': 0.1, 'learning_rate': 0.03, 'max_bins': 255, 'max_depth': 3, 'max_iter': 800, 'min_samples_leaf': 25}",0.6549727677155206,0.6367602697106814,0.6567045449037707,0.6587662794022902,0.6455125315652029,0.6505432786594931,0.00825201876217104,230
1.9151281833648681,0.4712269744255268,0.11890711784362792,0.029862800064802162,0.1,0.03,255,3,400,25,"{'l2_regularization': 0.1, 'learning_rate': 0.03, 'max_bins': 255, 'max_depth': 3, 'max_iter': 400, 'min_samples_leaf': 25}",0.6549727677155206,0.6367602697106814,0.6567045449037707,0.6587662794022902,0.6455125315652029,0.6505432786594931,0.00825201876217104,230
1.4918296337127686,0.10289485475229213,0.09292726516723633,0.008073879278397138,0.01,0.03,255,3,200,50,"{'l2_regularization': 0.01, 'learning_rate': 0.03, 'max_bins': 255, 'max_depth': 3, 'max_iter': 200, 'min_samples_leaf': 50}",0.6566340702639006,0.6383965338854718,0.6729330551233821,0.6477354242701889,0.6369984102288258,0.6505394987543538,0.013246061125584931,232
1.5732900619506835,0.23792031490058219,0.10352354049682617,0.00588434761505816,0.0,0.03,255,3,200,50,"{'l2_regularization': 0.0, 'learning_rate': 0.03, 'max_bins': 255, 'max_depth': 3, 'max_iter': 200, 'min_samples_leaf': 50}",0.6577777293433065,0.6374728754947357,0.6704914477096199,0.6512233483101464,0.6343574755596969,0.650264575283501,0.0132902708993792,233
1.5094706058502196,0.06320568807853592,0.09360499382019043,0.003715734349893546,0.1,0.03,255,3,200,50,"{'l2_regularization': 0.1, 'learning_rate': 0.03, 'max_bins': 255, 'max_depth': 3, 'max_iter': 200, 'min_samples_leaf': 50}",0.6583801331463816,0.6367645150217354,0.6702866677329818,0.6496402415676749,0.6360508484434352,0.6502244811824418,0.01304921360190452,234
1.6388057231903077,0.007243837397071442,0.09620695114135742,0.0006986079089772751,0.01,0.03,255,3,200,10,"{'l2_regularization': 0.01, 'learning_rate': 0.03, 'max_bins': 255, 'max_depth': 3, 'max_iter': 200, 'min_samples_leaf': 10}",0.6574580617975541,0.6373649232993641,0.6678190084287006,0.6495493628798177,0.6371020119329829,0.6498586736676838,0.011825787201866618,235
1.9822221279144288,0.500190420182128,0.12395930290222168,0.03287477370845865,0.0,0.03,255,3,800,25,"{'l2_regularization': 0.0, 'learning_rate': 0.03, 'max_bins': 255, 'max_depth': 3, 'max_iter': 800, 'min_samples_leaf': 25}",0.6540301117141257,0.6330844368109763,0.6595302662382092,0.6561683606454136,0.6463795142473603,0.649838537931217,0.009425818724546054,236
2.095248556137085,0.46888171497535414,0.12607617378234864,0.026377037599673737,0.0,0.03,255,3,400,25,"{'l2_regularization': 0.0, 'learning_rate': 0.03, 'max_bins': 255, 'max_depth': 3, 'max_iter': 400, 'min_samples_leaf': 25}",0.6540301117141257,0.6330844368109763,0.6595302662382092,0.6561683606454136,0.6463795142473603,0.649838537931217,0.009425818724546054,236
1.2592048645019531,0.09897641903108456,0.09607291221618652,0.0049749256121717125,0.0,0.03,255,3,200,10,"{'l2_regularization': 0.0, 'learning_rate': 0.03, 'max_bins': 255, 'max_depth': 3, 'max_iter': 200, 'min_samples_leaf': 10}",0.6587306776709851,0.6359676094896098,0.6682303859557341,0.6495723854807415,0.6364337506482733,0.6497869618490688,0.012565657463955465,238
0.9667704105377197,0.2860002744013513,0.05389275550842285,0.014748761771866696,0.01,0.06,255,5,200,25,"{'l2_regularization': 0.01, 'learning_rate': 0.06, 'max_bins': 255, 'max_depth': 5, 'max_iter': 200, 'min_samples_leaf': 25}",0.6564276183072688,0.6366553498803482,0.6662643770084242,0.6554267905524993,0.6309998109723347,0.649154789344175,0.013197039493129708,239
0.958201789855957,0.28087966377243984,0.057497692108154294,0.01234845217822313,0.01,0.06,255,5,400,25,"{'l2_regularization': 0.01, 'learning_rate': 0.06, 'max_bins': 255, 'max_depth': 5, 'max_iter': 400, 'min_samples_leaf': 25}",0.6564276183072688,0.6366553498803482,0.6662643770084242,0.6554267905524993,0.6309998109723347,0.649154789344175,0.013197039493129708,239
0.9709429740905762,0.2722555221212923,0.053558063507080075,0.01303989039912849,0.01,0.06,255,5,800,25,"{'l2_regularization': 0.01, 'learning_rate': 0.06, 'max_bins': 255, 'max_depth': 5, 'max_iter': 800, 'min_samples_leaf': 25}",0.6564276183072688,0.6366553498803482,0.6662643770084242,0.6554267905524993,0.6309998109723347,0.649154789344175,0.013197039493129708,239
1.5152338027954102,0.15979321024511642,0.0908940315246582,0.00795854344725403,0.1,0.03,255,3,200,25,"{'l2_regularization': 0.1, 'learning_rate': 0.03, 'max_bins': 255, 'max_depth': 3, 'max_iter': 200, 'min_samples_leaf': 25}",0.6550938539070934,0.6424010751553534,0.6567045449037707,0.654164182649204,0.6369965926550686,0.6490720498540979,0.00788372362701568,242
1.2205284595489503,0.18500982240051944,0.09358940124511719,0.009618758900686076,0.0,0.03,255,3,200,25,"{'l2_regularization': 0.0, 'learning_rate': 0.03, 'max_bins': 255, 'max_depth': 3, 'max_iter': 200, 'min_samples_leaf': 25}",0.654185102039339,0.6334107192891221,0.6595302662382092,0.6514650856198465,0.6403330522152643,0.6477848450803562,0.009535272276252145,243
